Run,Fitness1,Solution1,Fitness2,Solution2
1,20011.0,b'\x80\x03]q\x00K\x00J\xff\xff\xff\xff]q\x01(J\xff\xff\xff\xffJ\xff\xff\xff\xff\x86q\x02J\xfe\xff\xff\xffJ\xff\xff\xff\xff\x86q\x03e\x87q\x04a.',29989.0,b'\x80\x03]q\x00K\x00J\xff\xff\xff\xff]q\x01(J\xff\xff\xff\xffJ\xfd\xff\xff\xff\x86q\x02J\xfe\xff\xff\xffK\x02\x86q\x03e\x87q\x04a.'
1,29989.0,b'\x80\x03]q\x00K\x00J\xff\xff\xff\xff]q\x01(J\xff\xff\xff\xffJ\xfd\xff\xff\xff\x86q\x02J\xfe\xff\xff\xffK\x02\x86q\x03e\x87q\x04a.',29999.0,b'\x80\x03]q\x00K\x00J\xff\xff\xff\xff]q\x01(J\xff\xff\xff\xffJ\xfd\xff\xff\xff\x86q\x02J\xfe\xff\xff\xffK\x02\x86q\x03e\x87q\x04a.'
1,29999.0,b'\x80\x03]q\x00K\x00J\xff\xff\xff\xff]q\x01(J\xff\xff\xff\xffJ\xfd\xff\xff\xff\x86q\x02J\xfe\xff\xff\xffK\x02\x86q\x03e\x87q\x04a.',32807.0,b'\x80\x03]q\x00(K8J\xff\xff\xff\xff]q\x01(J\xfe\xff\xff\xffK\x01\x86q\x02J\xff\xff\xff\xffJ\xfe\xff\xff\xff\x86q\x03e\x87q\x04K\x00K\x00]q\x05(J\xff\xff\xff\xffK\x00\x86q\x06K8K\x00\x86q\x07e\x87q\x08e.'
1,32807.0,b'\x80\x03]q\x00(K8J\xff\xff\xff\xff]q\x01(J\xfe\xff\xff\xffK\x01\x86q\x02J\xff\xff\xff\xffJ\xfe\xff\xff\xff\x86q\x03e\x87q\x04K\x00K\x00]q\x05(J\xff\xff\xff\xffK\x00\x86q\x06K8K\x00\x86q\x07e\x87q\x08e.',32807.0,b'\x80\x03]q\x00(K8J\xff\xff\xff\xff]q\x01(J\xfe\xff\xff\xffK\x01\x86q\x02J\xff\xff\xff\xffJ\xfe\xff\xff\xff\x86q\x03e\x87q\x04K\x00K\x00]q\x05(J\xff\xff\xff\xffK\x00\x86q\x06K8K\x00\x86q\x07e\x87q\x08e.'
1,32807.0,b'\x80\x03]q\x00(K8J\xff\xff\xff\xff]q\x01(J\xfe\xff\xff\xffK\x01\x86q\x02J\xff\xff\xff\xffJ\xfe\xff\xff\xff\x86q\x03e\x87q\x04K\x00K\x00]q\x05(J\xff\xff\xff\xffK\x00\x86q\x06K8K\x00\x86q\x07e\x87q\x08e.',30000.0,b'\x80\x03]q\x00K\x00J\xfe\xff\xff\xff]q\x01(J\xff\xff\xff\xffJ\xfd\xff\xff\xff\x86q\x02J\xfe\xff\xff\xffK\x04\x86q\x03e\x87q\x04a.'
1,30000.0,b'\x80\x03]q\x00K\x00J\xfe\xff\xff\xff]q\x01(J\xff\xff\xff\xffJ\xfd\xff\xff\xff\x86q\x02J\xfe\xff\xff\xffK\x04\x86q\x03e\x87q\x04a.',30000.0,b'\x80\x03]q\x00K\x00J\xfe\xff\xff\xff]q\x01(J\xff\xff\xff\xffJ\xfd\xff\xff\xff\x86q\x02J\xfe\xff\xff\xffK\x04\x86q\x03e\x87q\x04a.'
1,30000.0,b'\x80\x03]q\x00K\x00J\xfe\xff\xff\xff]q\x01(J\xff\xff\xff\xffJ\xfd\xff\xff\xff\x86q\x02J\xfe\xff\xff\xffK\x04\x86q\x03e\x87q\x04a.',30000.0,b'\x80\x03]q\x00K\x00J\xfe\xff\xff\xff]q\x01(J\xff\xff\xff\xffJ\xfd\xff\xff\xff\x86q\x02J\xfe\xff\xff\xffK\x04\x86q\x03e\x87q\x04a.'
1,30000.0,b'\x80\x03]q\x00K\x00J\xfe\xff\xff\xff]q\x01(J\xff\xff\xff\xffJ\xfd\xff\xff\xff\x86q\x02J\xfe\xff\xff\xffK\x04\x86q\x03e\x87q\x04a.',30000.0,b'\x80\x03]q\x00K\x00J\xfe\xff\xff\xff]q\x01(J\xff\xff\xff\xffJ\xfd\xff\xff\xff\x86q\x02J\xfe\xff\xff\xffK\x04\x86q\x03e\x87q\x04a.'
1,30000.0,b'\x80\x03]q\x00K\x00J\xfe\xff\xff\xff]q\x01(J\xff\xff\xff\xffJ\xfd\xff\xff\xff\x86q\x02J\xfe\xff\xff\xffK\x04\x86q\x03e\x87q\x04a.',29999.0,b'\x80\x03]q\x00(K8J\xfe\xff\xff\xff]q\x01(J\xfe\xff\xff\xffK\x01\x86q\x02J\xff\xff\xff\xffJ\xff\xff\xff\xff\x86q\x03e\x87q\x04K\x00K\x00]q\x05K8K\x01\x86q\x06a\x87q\x07e.'
1,29999.0,b'\x80\x03]q\x00(K8J\xfe\xff\xff\xff]q\x01(J\xfe\xff\xff\xffK\x01\x86q\x02J\xff\xff\xff\xffJ\xff\xff\xff\xff\x86q\x03e\x87q\x04K\x00K\x00]q\x05K8K\x01\x86q\x06a\x87q\x07e.',26991.0,b'\x80\x03]q\x00K\x00J\xff\xff\xff\xff]q\x01(J\xff\xff\xff\xffK\x01\x86q\x02J\xfe\xff\xff\xffK\x00\x86q\x03e\x87q\x04a.'
1,26991.0,b'\x80\x03]q\x00K\x00J\xff\xff\xff\xff]q\x01(J\xff\xff\xff\xffK\x01\x86q\x02J\xfe\xff\xff\xffK\x00\x86q\x03e\x87q\x04a.',29775.0,b'\x80\x03]q\x00K\x00J\xff\xff\xff\xff]q\x01(J\xff\xff\xff\xffK\x02\x86q\x02J\xfe\xff\xff\xffJ\xfe\xff\xff\xff\x86q\x03e\x87q\x04a.'
1,29775.0,b'\x80\x03]q\x00K\x00J\xff\xff\xff\xff]q\x01(J\xff\xff\xff\xffK\x02\x86q\x02J\xfe\xff\xff\xffJ\xfe\xff\xff\xff\x86q\x03e\x87q\x04a.',29775.0,b'\x80\x03]q\x00K\x00J\xff\xff\xff\xff]q\x01(J\xff\xff\xff\xffK\x02\x86q\x02J\xfe\xff\xff\xffJ\xfe\xff\xff\xff\x86q\x03e\x87q\x04a.'
1,29775.0,b'\x80\x03]q\x00K\x00J\xff\xff\xff\xff]q\x01(J\xff\xff\xff\xffK\x02\x86q\x02J\xfe\xff\xff\xffJ\xfe\xff\xff\xff\x86q\x03e\x87q\x04a.',29987.0,b'\x80\x03]q\x00K\x00J\xff\xff\xff\xff]q\x01(J\xff\xff\xff\xffK\x02\x86q\x02J\xfe\xff\xff\xffJ\xfe\xff\xff\xff\x86q\x03e\x87q\x04a.'
1,29987.0,b'\x80\x03]q\x00K\x00J\xff\xff\xff\xff]q\x01(J\xff\xff\xff\xffK\x02\x86q\x02J\xfe\xff\xff\xffJ\xfe\xff\xff\xff\x86q\x03e\x87q\x04a.',29987.0,b'\x80\x03]q\x00K\x00J\xff\xff\xff\xff]q\x01(J\xff\xff\xff\xffK\x02\x86q\x02J\xfe\xff\xff\xffJ\xfe\xff\xff\xff\x86q\x03e\x87q\x04a.'
1,29987.0,b'\x80\x03]q\x00K\x00J\xff\xff\xff\xff]q\x01(J\xff\xff\xff\xffK\x02\x86q\x02J\xfe\xff\xff\xffJ\xfe\xff\xff\xff\x86q\x03e\x87q\x04a.',29989.0,b'\x80\x03]q\x00K\x00J\xff\xff\xff\xff]q\x01(J\xff\xff\xff\xffK\x02\x86q\x02J\xfe\xff\xff\xffJ\xfe\xff\xff\xff\x86q\x03e\x87q\x04a.'
1,29989.0,b'\x80\x03]q\x00K\x00J\xff\xff\xff\xff]q\x01(J\xff\xff\xff\xffK\x02\x86q\x02J\xfe\xff\xff\xffJ\xfe\xff\xff\xff\x86q\x03e\x87q\x04a.',29989.0,b'\x80\x03]q\x00K\x00J\xff\xff\xff\xff]q\x01(J\xff\xff\xff\xffK\x02\x86q\x02J\xfe\xff\xff\xffJ\xfe\xff\xff\xff\x86q\x03e\x87q\x04a.'
1,29989.0,b'\x80\x03]q\x00K\x00J\xff\xff\xff\xff]q\x01(J\xff\xff\xff\xffK\x02\x86q\x02J\xfe\xff\xff\xffJ\xfe\xff\xff\xff\x86q\x03e\x87q\x04a.',29833.0,b'\x80\x03]q\x00K\x00J\xfd\xff\xff\xff]q\x01(J\xff\xff\xff\xffK\x04\x86q\x02J\xfe\xff\xff\xffJ\xff\xff\xff\xff\x86q\x03e\x87q\x04a.'
1,29833.0,b'\x80\x03]q\x00K\x00J\xfd\xff\xff\xff]q\x01(J\xff\xff\xff\xffK\x04\x86q\x02J\xfe\xff\xff\xffJ\xff\xff\xff\xff\x86q\x03e\x87q\x04a.',30000.0,b'\x80\x03]q\x00K\x00J\xfe\xff\xff\xff]q\x01(J\xff\xff\xff\xffK\x03\x86q\x02J\xfe\xff\xff\xffJ\xfe\xff\xff\xff\x86q\x03e\x87q\x04a.'
1,30000.0,b'\x80\x03]q\x00K\x00J\xfe\xff\xff\xff]q\x01(J\xff\xff\xff\xffK\x03\x86q\x02J\xfe\xff\xff\xffJ\xfe\xff\xff\xff\x86q\x03e\x87q\x04a.',30000.0,b'\x80\x03]q\x00K\x00J\xfe\xff\xff\xff]q\x01(J\xff\xff\xff\xffK\x03\x86q\x02J\xfe\xff\xff\xffJ\xfd\xff\xff\xff\x86q\x03e\x87q\x04a.'
1,30000.0,b'\x80\x03]q\x00K\x00J\xfe\xff\xff\xff]q\x01(J\xff\xff\xff\xffK\x03\x86q\x02J\xfe\xff\xff\xffJ\xfd\xff\xff\xff\x86q\x03e\x87q\x04a.',30000.0,b'\x80\x03]q\x00K\x00J\xfd\xff\xff\xff]q\x01(J\xff\xff\xff\xffK\x05\x86q\x02J\xfe\xff\xff\xffJ\xfd\xff\xff\xff\x86q\x03e\x87q\x04a.'
1,30000.0,b'\x80\x03]q\x00K\x00J\xfd\xff\xff\xff]q\x01(J\xff\xff\xff\xffK\x05\x86q\x02J\xfe\xff\xff\xffJ\xfd\xff\xff\xff\x86q\x03e\x87q\x04a.',30000.0,b'\x80\x03]q\x00K\x00J\xfd\xff\xff\xff]q\x01(J\xff\xff\xff\xffK\x05\x86q\x02J\xfe\xff\xff\xffJ\xfd\xff\xff\xff\x86q\x03e\x87q\x04a.'
1,30000.0,b'\x80\x03]q\x00K\x00J\xfd\xff\xff\xff]q\x01(J\xff\xff\xff\xffK\x05\x86q\x02J\xfe\xff\xff\xffJ\xfd\xff\xff\xff\x86q\x03e\x87q\x04a.',30000.0,b'\x80\x03]q\x00K\x00J\xfd\xff\xff\xff]q\x01(J\xff\xff\xff\xffK\x05\x86q\x02J\xfe\xff\xff\xffJ\xfd\xff\xff\xff\x86q\x03e\x87q\x04a.'
1,30000.0,b'\x80\x03]q\x00K\x00J\xfd\xff\xff\xff]q\x01(J\xff\xff\xff\xffK\x05\x86q\x02J\xfe\xff\xff\xffJ\xfd\xff\xff\xff\x86q\x03e\x87q\x04a.',30000.0,b'\x80\x03]q\x00K\x00J\xfd\xff\xff\xff]q\x01(J\xff\xff\xff\xffJ\xfa\xff\xff\xff\x86q\x02J\xfe\xff\xff\xffK\x06\x86q\x03e\x87q\x04a.'
1,30000.0,b'\x80\x03]q\x00K\x00J\xfd\xff\xff\xff]q\x01(J\xff\xff\xff\xffJ\xfa\xff\xff\xff\x86q\x02J\xfe\xff\xff\xffK\x06\x86q\x03e\x87q\x04a.',30000.0,b'\x80\x03]q\x00K\x00J\xfc\xff\xff\xff]q\x01(J\xff\xff\xff\xffJ\xf9\xff\xff\xff\x86q\x02J\xfe\xff\xff\xffK\x07\x86q\x03e\x87q\x04a.'
1,30000.0,b'\x80\x03]q\x00K\x00J\xfc\xff\xff\xff]q\x01(J\xff\xff\xff\xffJ\xf9\xff\xff\xff\x86q\x02J\xfe\xff\xff\xffK\x07\x86q\x03e\x87q\x04a.',20055.0,b'\x80\x03]q\x00K\x00K\x01]q\x01J\xff\xff\xff\xffJ\xfa\xff\xff\xff\x86q\x02a\x87q\x03a.'
1,20055.0,b'\x80\x03]q\x00K\x00K\x01]q\x01J\xff\xff\xff\xffJ\xfa\xff\xff\xff\x86q\x02a\x87q\x03a.',26711.0,b'\x80\x03]q\x00K\x00K\x00]q\x01(J\xff\xff\xff\xffJ\xf9\xff\xff\xff\x86q\x02J\xfe\xff\xff\xffK\x01\x86q\x03e\x87q\x04a.'
1,26711.0,b'\x80\x03]q\x00K\x00K\x00]q\x01(J\xff\xff\xff\xffJ\xf9\xff\xff\xff\x86q\x02J\xfe\xff\xff\xffK\x01\x86q\x03e\x87q\x04a.',26723.0,b'\x80\x03]q\x00K\x00K\x00]q\x01(J\xff\xff\xff\xffJ\xf9\xff\xff\xff\x86q\x02J\xfe\xff\xff\xffK\x06\x86q\x03e\x87q\x04a.'
1,26723.0,b'\x80\x03]q\x00K\x00K\x00]q\x01(J\xff\xff\xff\xffJ\xf9\xff\xff\xff\x86q\x02J\xfe\xff\xff\xffK\x06\x86q\x03e\x87q\x04a.',30000.0,b'\x80\x03]q\x00K\x00J\xfc\xff\xff\xff]q\x01(J\xff\xff\xff\xffJ\xf8\xff\xff\xff\x86q\x02J\xfe\xff\xff\xffK\x07\x86q\x03e\x87q\x04a.'
1,30000.0,b'\x80\x03]q\x00K\x00J\xfc\xff\xff\xff]q\x01(J\xff\xff\xff\xffJ\xf8\xff\xff\xff\x86q\x02J\xfe\xff\xff\xffK\x07\x86q\x03e\x87q\x04a.',30000.0,b'\x80\x03]q\x00K\x00J\xfc\xff\xff\xff]q\x01(J\xff\xff\xff\xffJ\xf7\xff\xff\xff\x86q\x02J\xfe\xff\xff\xffK\x08\x86q\x03e\x87q\x04a.'
1,30000.0,b'\x80\x03]q\x00K\x00J\xfc\xff\xff\xff]q\x01(J\xff\xff\xff\xffJ\xf7\xff\xff\xff\x86q\x02J\xfe\xff\xff\xffK\x08\x86q\x03e\x87q\x04a.',30000.0,b'\x80\x03]q\x00K\x00J\xfc\xff\xff\xff]q\x01(J\xff\xff\xff\xffJ\xf7\xff\xff\xff\x86q\x02J\xfe\xff\xff\xffK\x08\x86q\x03e\x87q\x04a.'
1,30000.0,b'\x80\x03]q\x00K\x00J\xfc\xff\xff\xff]q\x01(J\xff\xff\xff\xffJ\xf7\xff\xff\xff\x86q\x02J\xfe\xff\xff\xffK\x08\x86q\x03e\x87q\x04a.',29061.0,b'\x80\x03]q\x00K\x00K\x00]q\x01J\xff\xff\xff\xffK\x00\x86q\x02a\x87q\x03a.'
1,29061.0,b'\x80\x03]q\x00K\x00K\x00]q\x01J\xff\xff\xff\xffK\x00\x86q\x02a\x87q\x03a.',31426.0,b'\x80\x03]q\x00(K8J\xff\xff\xff\xff]q\x01(J\xfe\xff\xff\xffK\x03\x86q\x02J\xff\xff\xff\xffJ\xfc\xff\xff\xff\x86q\x03e\x87q\x04M\xb7\x02J\xff\xff\xff\xff]q\x05(J\xff\xff\xff\xffK\x00\x86q\x06K8K\x00\x86q\x07e\x87q\x08K\x00K\x00]q\t(K8K\x04\x86q\nM\xb7\x02K\x00\x86q\x0be\x87q\x0ce.'
1,31426.0,b'\x80\x03]q\x00(K8J\xff\xff\xff\xff]q\x01(J\xfe\xff\xff\xffK\x03\x86q\x02J\xff\xff\xff\xffJ\xfc\xff\xff\xff\x86q\x03e\x87q\x04M\xb7\x02J\xff\xff\xff\xff]q\x05(J\xff\xff\xff\xffK\x00\x86q\x06K8K\x00\x86q\x07e\x87q\x08K\x00K\x00]q\t(K8K\x04\x86q\nM\xb7\x02K\x00\x86q\x0be\x87q\x0ce.',31426.0,b'\x80\x03]q\x00(K8J\xff\xff\xff\xff]q\x01(J\xfe\xff\xff\xffK\x03\x86q\x02J\xff\xff\xff\xffJ\xfc\xff\xff\xff\x86q\x03e\x87q\x04M\xb7\x02J\xff\xff\xff\xff]q\x05(J\xff\xff\xff\xffK\x00\x86q\x06K8K\x00\x86q\x07e\x87q\x08K\x00K\x00]q\t(K8K\x04\x86q\nM\xb7\x02K\x00\x86q\x0be\x87q\x0ce.'
1,31426.0,b'\x80\x03]q\x00(K8J\xff\xff\xff\xff]q\x01(J\xfe\xff\xff\xffK\x03\x86q\x02J\xff\xff\xff\xffJ\xfc\xff\xff\xff\x86q\x03e\x87q\x04M\xb7\x02J\xff\xff\xff\xff]q\x05(J\xff\xff\xff\xffK\x00\x86q\x06K8K\x00\x86q\x07e\x87q\x08K\x00K\x00]q\t(K8K\x04\x86q\nM\xb7\x02K\x00\x86q\x0be\x87q\x0ce.',34731.0,b'\x80\x03]q\x00(K8J\xff\xff\xff\xff]q\x01(J\xfe\xff\xff\xffK\x02\x86q\x02J\xff\xff\xff\xffJ\xfd\xff\xff\xff\x86q\x03e\x87q\x04K\x00J\xfe\xff\xff\xff]q\x05(J\xff\xff\xff\xffK\x02\x86q\x06K8K\x03\x86q\x07e\x87q\x08e.'
1,34731.0,b'\x80\x03]q\x00(K8J\xff\xff\xff\xff]q\x01(J\xfe\xff\xff\xffK\x02\x86q\x02J\xff\xff\xff\xffJ\xfd\xff\xff\xff\x86q\x03e\x87q\x04K\x00J\xfe\xff\xff\xff]q\x05(J\xff\xff\xff\xffK\x02\x86q\x06K8K\x03\x86q\x07e\x87q\x08e.',34731.0,b'\x80\x03]q\x00(K8J\xff\xff\xff\xff]q\x01(J\xfe\xff\xff\xffK\x02\x86q\x02J\xff\xff\xff\xffJ\xfd\xff\xff\xff\x86q\x03e\x87q\x04K\x00J\xfe\xff\xff\xff]q\x05(J\xff\xff\xff\xffK\x02\x86q\x06K8K\x03\x86q\x07e\x87q\x08e.'
1,34731.0,b'\x80\x03]q\x00(K8J\xff\xff\xff\xff]q\x01(J\xfe\xff\xff\xffK\x02\x86q\x02J\xff\xff\xff\xffJ\xfd\xff\xff\xff\x86q\x03e\x87q\x04K\x00J\xfe\xff\xff\xff]q\x05(J\xff\xff\xff\xffK\x02\x86q\x06K8K\x03\x86q\x07e\x87q\x08e.',34731.0,b'\x80\x03]q\x00(K8J\xff\xff\xff\xff]q\x01(J\xfe\xff\xff\xffK\x02\x86q\x02J\xff\xff\xff\xffJ\xfd\xff\xff\xff\x86q\x03e\x87q\x04K\x00J\xfe\xff\xff\xff]q\x05(J\xff\xff\xff\xffK\x02\x86q\x06K8K\x03\x86q\x07e\x87q\x08e.'
1,34731.0,b'\x80\x03]q\x00(K8J\xff\xff\xff\xff]q\x01(J\xfe\xff\xff\xffK\x02\x86q\x02J\xff\xff\xff\xffJ\xfd\xff\xff\xff\x86q\x03e\x87q\x04K\x00J\xfe\xff\xff\xff]q\x05(J\xff\xff\xff\xffK\x02\x86q\x06K8K\x03\x86q\x07e\x87q\x08e.',39972.0,b'\x80\x03]q\x00(M\xd2\x03J\xff\xff\xff\xff]q\x01J\xff\xff\xff\xffK\x01\x86q\x02a\x87q\x03K8J\xfe\xff\xff\xff]q\x04(J\xfe\xff\xff\xffK\x03\x86q\x05J\xff\xff\xff\xffJ\xfe\xff\xff\xff\x86q\x06M\xd2\x03J\xff\xff\xff\xff\x86q\x07e\x87q\x08K\x00J\xff\xff\xff\xff]q\t(K8K\x05\x86q\nJ\xfe\xff\xff\xffJ\xfd\xff\xff\xff\x86q\x0bM\xd2\x03K\x02\x86q\x0ce\x87q\re.'
2,26440.0,b'\x80\x03]q\x00K\x00J\xff\xff\xff\xff]q\x01(J\xff\xff\xff\xffK\x00\x86q\x02J\xfe\xff\xff\xffK\x02\x86q\x03e\x87q\x04a.',29816.0,b'\x80\x03]q\x00K\x00K\x00]q\x01(J\xff\xff\xff\xffK\x01\x86q\x02J\xfe\xff\xff\xffK\x02\x86q\x03e\x87q\x04a.'
2,29816.0,b'\x80\x03]q\x00K\x00K\x00]q\x01(J\xff\xff\xff\xffK\x01\x86q\x02J\xfe\xff\xff\xffK\x02\x86q\x03e\x87q\x04a.',29890.0,b'\x80\x03]q\x00K\x00J\xff\xff\xff\xff]q\x01(J\xff\xff\xff\xffJ\xff\xff\xff\xff\x86q\x02J\xfe\xff\xff\xffK\x02\x86q\x03e\x87q\x04a.'
2,29890.0,b'\x80\x03]q\x00K\x00J\xff\xff\xff\xff]q\x01(J\xff\xff\xff\xffJ\xff\xff\xff\xff\x86q\x02J\xfe\xff\xff\xffK\x02\x86q\x03e\x87q\x04a.',29954.0,b'\x80\x03]q\x00(K0J\xff\xff\xff\xff]q\x01J\xff\xff\xff\xffK\x01\x86q\x02a\x87q\x03K\x00J\xff\xff\xff\xff]q\x04(J\xfe\xff\xff\xffK\x02\x86q\x05K0J\xfe\xff\xff\xff\x86q\x06e\x87q\x07e.'
2,29954.0,b'\x80\x03]q\x00(K0J\xff\xff\xff\xff]q\x01J\xff\xff\xff\xffK\x01\x86q\x02a\x87q\x03K\x00J\xff\xff\xff\xff]q\x04(J\xfe\xff\xff\xffK\x02\x86q\x05K0J\xfe\xff\xff\xff\x86q\x06e\x87q\x07e.',29999.0,b'\x80\x03]q\x00(K0J\xff\xff\xff\xff]q\x01J\xff\xff\xff\xffK\x03\x86q\x02a\x87q\x03K\x00J\xff\xff\xff\xff]q\x04(J\xfe\xff\xff\xffK\x02\x86q\x05K0J\xfe\xff\xff\xff\x86q\x06e\x87q\x07e.'
2,29999.0,b'\x80\x03]q\x00(K0J\xff\xff\xff\xff]q\x01J\xff\xff\xff\xffK\x03\x86q\x02a\x87q\x03K\x00J\xff\xff\xff\xff]q\x04(J\xfe\xff\xff\xffK\x02\x86q\x05K0J\xfe\xff\xff\xff\x86q\x06e\x87q\x07e.',30000.0,b'\x80\x03]q\x00(K0J\xfe\xff\xff\xff]q\x01J\xff\xff\xff\xffK\x03\x86q\x02a\x87q\x03K\x00J\xff\xff\xff\xff]q\x04(J\xfe\xff\xff\xffK\x03\x86q\x05K0J\xfe\xff\xff\xff\x86q\x06e\x87q\x07e.'
2,30000.0,b'\x80\x03]q\x00(K0J\xfe\xff\xff\xff]q\x01J\xff\xff\xff\xffK\x03\x86q\x02a\x87q\x03K\x00J\xff\xff\xff\xff]q\x04(J\xfe\xff\xff\xffK\x03\x86q\x05K0J\xfe\xff\xff\xff\x86q\x06e\x87q\x07e.',29750.0,b'\x80\x03]q\x00(K>K\x02]q\x01J\xfe\xff\xff\xffK\x00\x86q\x02a\x87q\x03K\x00K\x00]q\x04K>K\x00\x86q\x05a\x87q\x06e.'
2,29750.0,b'\x80\x03]q\x00(K>K\x02]q\x01J\xfe\xff\xff\xffK\x00\x86q\x02a\x87q\x03K\x00K\x00]q\x04K>K\x00\x86q\x05a\x87q\x06e.',29909.0,b'\x80\x03]q\x00(K>K\x01]q\x01J\xfe\xff\xff\xffK\x01\x86q\x02a\x87q\x03K\x00K\x00]q\x04K>K\x00\x86q\x05a\x87q\x06e.'
2,29909.0,b'\x80\x03]q\x00(K>K\x01]q\x01J\xfe\xff\xff\xffK\x01\x86q\x02a\x87q\x03K\x00K\x00]q\x04K>K\x00\x86q\x05a\x87q\x06e.',29909.0,b'\x80\x03]q\x00(K>K\x01]q\x01J\xfe\xff\xff\xffK\x01\x86q\x02a\x87q\x03K\x00K\x00]q\x04K>K\x00\x86q\x05a\x87q\x06e.'
2,29909.0,b'\x80\x03]q\x00(K>K\x01]q\x01J\xfe\xff\xff\xffK\x01\x86q\x02a\x87q\x03K\x00K\x00]q\x04K>K\x00\x86q\x05a\x87q\x06e.',30000.0,b'\x80\x03]q\x00(K0J\xfe\xff\xff\xff]q\x01J\xff\xff\xff\xffK\x03\x86q\x02a\x87q\x03K\x00J\xff\xff\xff\xff]q\x04(J\xfe\xff\xff\xffK\x02\x86q\x05K0J\xfd\xff\xff\xff\x86q\x06e\x87q\x07e.'
2,30000.0,b'\x80\x03]q\x00(K0J\xfe\xff\xff\xff]q\x01J\xff\xff\xff\xffK\x03\x86q\x02a\x87q\x03K\x00J\xff\xff\xff\xff]q\x04(J\xfe\xff\xff\xffK\x02\x86q\x05K0J\xfd\xff\xff\xff\x86q\x06e\x87q\x07e.',30028.0,b'\x80\x03]q\x00(K\xaeK\x00]q\x01(J\xfe\xff\xff\xffK\x01\x86q\x02J\xff\xff\xff\xffK\x01\x86q\x03e\x87q\x04K\x00J\xff\xff\xff\xff]q\x05(J\xff\xff\xff\xffJ\xfe\xff\xff\xff\x86q\x06K\xaeK\x02\x86q\x07e\x87q\x08e.'
2,30028.0,b'\x80\x03]q\x00(K\xaeK\x00]q\x01(J\xfe\xff\xff\xffK\x01\x86q\x02J\xff\xff\xff\xffK\x01\x86q\x03e\x87q\x04K\x00J\xff\xff\xff\xff]q\x05(J\xff\xff\xff\xffJ\xfe\xff\xff\xff\x86q\x06K\xaeK\x02\x86q\x07e\x87q\x08e.',30028.0,b'\x80\x03]q\x00(K\xaeK\x00]q\x01(J\xfe\xff\xff\xffK\x01\x86q\x02J\xff\xff\xff\xffK\x01\x86q\x03e\x87q\x04K\x00J\xff\xff\xff\xff]q\x05(J\xff\xff\xff\xffJ\xfe\xff\xff\xff\x86q\x06K\xaeK\x02\x86q\x07e\x87q\x08e.'
2,30028.0,b'\x80\x03]q\x00(K\xaeK\x00]q\x01(J\xfe\xff\xff\xffK\x01\x86q\x02J\xff\xff\xff\xffK\x01\x86q\x03e\x87q\x04K\x00J\xff\xff\xff\xff]q\x05(J\xff\xff\xff\xffJ\xfe\xff\xff\xff\x86q\x06K\xaeK\x02\x86q\x07e\x87q\x08e.',30387.0,b'\x80\x03]q\x00(K\xb5K\x01]q\x01(J\xfe\xff\xff\xffK\x02\x86q\x02J\xff\xff\xff\xffJ\xff\xff\xff\xff\x86q\x03e\x87q\x04K>K\x03]q\x05(J\xfe\xff\xff\xffK\x00\x86q\x06J\xff\xff\xff\xffK\x01\x86q\x07e\x87q\x08K\xe1J\xff\xff\xff\xff]q\tK>K\x01\x86q\na\x87q\x0bK\x00K\x01]q\x0c(K\xb5J\xff\xff\xff\xff\x86q\rK\xe1K\x01\x86q\x0ee\x87q\x0fe.'
2,30387.0,b'\x80\x03]q\x00(K\xb5K\x01]q\x01(J\xfe\xff\xff\xffK\x02\x86q\x02J\xff\xff\xff\xffJ\xff\xff\xff\xff\x86q\x03e\x87q\x04K>K\x03]q\x05(J\xfe\xff\xff\xffK\x00\x86q\x06J\xff\xff\xff\xffK\x01\x86q\x07e\x87q\x08K\xe1J\xff\xff\xff\xff]q\tK>K\x01\x86q\na\x87q\x0bK\x00K\x01]q\x0c(K\xb5J\xff\xff\xff\xff\x86q\rK\xe1K\x01\x86q\x0ee\x87q\x0fe.',30080.0,b'\x80\x03]q\x00(K\xaeK\x00]q\x01(J\xfe\xff\xff\xffK\x01\x86q\x02J\xff\xff\xff\xffK\x02\x86q\x03e\x87q\x04M)\x01K\x00]q\x05(J\xfe\xff\xff\xffK\x01\x86q\x06K\xaeK\x00\x86q\x07e\x87q\x08K\x00J\xff\xff\xff\xff]q\t(J\xff\xff\xff\xffJ\xfe\xff\xff\xff\x86q\nK\xaeK\x02\x86q\x0bM)\x01K\x00\x86q\x0ce\x87q\re.'
2,30080.0,b'\x80\x03]q\x00(K\xaeK\x00]q\x01(J\xfe\xff\xff\xffK\x01\x86q\x02J\xff\xff\xff\xffK\x02\x86q\x03e\x87q\x04M)\x01K\x00]q\x05(J\xfe\xff\xff\xffK\x01\x86q\x06K\xaeK\x00\x86q\x07e\x87q\x08K\x00J\xff\xff\xff\xff]q\t(J\xff\xff\xff\xffJ\xfe\xff\xff\xff\x86q\nK\xaeK\x02\x86q\x0bM)\x01K\x00\x86q\x0ce\x87q\re.',30468.0,b'\x80\x03]q\x00(K\xaeJ\xff\xff\xff\xff]q\x01(J\xfe\xff\xff\xffK\x01\x86q\x02J\xff\xff\xff\xffK\x02\x86q\x03e\x87q\x04M)\x01J\xff\xff\xff\xff]q\x05(J\xfe\xff\xff\xffK\x01\x86q\x06K\xaeK\x01\x86q\x07e\x87q\x08K\x00J\xff\xff\xff\xff]q\t(J\xff\xff\xff\xffJ\xff\xff\xff\xff\x86q\nK\xaeK\x02\x86q\x0bM)\x01K\x01\x86q\x0ce\x87q\re.'
2,30468.0,b'\x80\x03]q\x00(K\xaeJ\xff\xff\xff\xff]q\x01(J\xfe\xff\xff\xffK\x01\x86q\x02J\xff\xff\xff\xffK\x02\x86q\x03e\x87q\x04M)\x01J\xff\xff\xff\xff]q\x05(J\xfe\xff\xff\xffK\x01\x86q\x06K\xaeK\x01\x86q\x07e\x87q\x08K\x00J\xff\xff\xff\xff]q\t(J\xff\xff\xff\xffJ\xff\xff\xff\xff\x86q\nK\xaeK\x02\x86q\x0bM)\x01K\x01\x86q\x0ce\x87q\re.',31610.0,b'\x80\x03]q\x00(K>K\x00]q\x01(J\xfe\xff\xff\xffK\x01\x86q\x02J\xff\xff\xff\xffJ\xfd\xff\xff\xff\x86q\x03e\x87q\x04K\x00K\x00]q\x05K>K\x01\x86q\x06a\x87q\x07e.'
2,31610.0,b'\x80\x03]q\x00(K>K\x00]q\x01(J\xfe\xff\xff\xffK\x01\x86q\x02J\xff\xff\xff\xffJ\xfd\xff\xff\xff\x86q\x03e\x87q\x04K\x00K\x00]q\x05K>K\x01\x86q\x06a\x87q\x07e.',33020.0,b'\x80\x03]q\x00(K>J\xff\xff\xff\xff]q\x01(J\xfe\xff\xff\xffK\x02\x86q\x02J\xff\xff\xff\xffJ\xfe\xff\xff\xff\x86q\x03e\x87q\x04K\x00K\x00]q\x05K>K\x01\x86q\x06a\x87q\x07e.'
2,33020.0,b'\x80\x03]q\x00(K>J\xff\xff\xff\xff]q\x01(J\xfe\xff\xff\xffK\x02\x86q\x02J\xff\xff\xff\xffJ\xfe\xff\xff\xff\x86q\x03e\x87q\x04K\x00K\x00]q\x05K>K\x01\x86q\x06a\x87q\x07e.',33020.0,b'\x80\x03]q\x00(K>J\xff\xff\xff\xff]q\x01(J\xfe\xff\xff\xffK\x02\x86q\x02J\xff\xff\xff\xffJ\xfe\xff\xff\xff\x86q\x03e\x87q\x04K\x00K\x00]q\x05K>K\x01\x86q\x06a\x87q\x07e.'
2,33020.0,b'\x80\x03]q\x00(K>J\xff\xff\xff\xff]q\x01(J\xfe\xff\xff\xffK\x02\x86q\x02J\xff\xff\xff\xffJ\xfe\xff\xff\xff\x86q\x03e\x87q\x04K\x00K\x00]q\x05K>K\x01\x86q\x06a\x87q\x07e.',33020.0,b'\x80\x03]q\x00(K>J\xff\xff\xff\xff]q\x01(J\xfe\xff\xff\xffK\x02\x86q\x02J\xff\xff\xff\xffJ\xfe\xff\xff\xff\x86q\x03e\x87q\x04K\x00K\x00]q\x05K>K\x01\x86q\x06a\x87q\x07e.'
2,33020.0,b'\x80\x03]q\x00(K>J\xff\xff\xff\xff]q\x01(J\xfe\xff\xff\xffK\x02\x86q\x02J\xff\xff\xff\xffJ\xfe\xff\xff\xff\x86q\x03e\x87q\x04K\x00K\x00]q\x05K>K\x01\x86q\x06a\x87q\x07e.',30000.0,b'\x80\x03]q\x00K\x00J\xfe\xff\xff\xff]q\x01(J\xff\xff\xff\xffJ\xfa\xff\xff\xff\x86q\x02J\xfe\xff\xff\xffK\x04\x86q\x03e\x87q\x04a.'
2,30000.0,b'\x80\x03]q\x00K\x00J\xfe\xff\xff\xff]q\x01(J\xff\xff\xff\xffJ\xfa\xff\xff\xff\x86q\x02J\xfe\xff\xff\xffK\x04\x86q\x03e\x87q\x04a.',30000.0,b'\x80\x03]q\x00K\x00J\xff\xff\xff\xff]q\x01(J\xff\xff\xff\xffK\x04\x86q\x02J\xfe\xff\xff\xffK\x03\x86q\x03e\x87q\x04a.'
2,30000.0,b'\x80\x03]q\x00K\x00J\xff\xff\xff\xff]q\x01(J\xff\xff\xff\xffK\x04\x86q\x02J\xfe\xff\xff\xffK\x03\x86q\x03e\x87q\x04a.',30000.0,b'\x80\x03]q\x00K\x00J\xff\xff\xff\xff]q\x01(J\xff\xff\xff\xffK\x04\x86q\x02J\xfe\xff\xff\xffK\x03\x86q\x03e\x87q\x04a.'
2,30000.0,b'\x80\x03]q\x00K\x00J\xff\xff\xff\xff]q\x01(J\xff\xff\xff\xffK\x04\x86q\x02J\xfe\xff\xff\xffK\x03\x86q\x03e\x87q\x04a.',30000.0,b'\x80\x03]q\x00K\x00J\xff\xff\xff\xff]q\x01(J\xff\xff\xff\xffK\x04\x86q\x02J\xfe\xff\xff\xffK\x03\x86q\x03e\x87q\x04a.'
2,30000.0,b'\x80\x03]q\x00K\x00J\xff\xff\xff\xff]q\x01(J\xff\xff\xff\xffK\x04\x86q\x02J\xfe\xff\xff\xffK\x03\x86q\x03e\x87q\x04a.',30000.0,b'\x80\x03]q\x00K\x00J\xff\xff\xff\xff]q\x01(J\xff\xff\xff\xffK\x04\x86q\x02J\xfe\xff\xff\xffK\x03\x86q\x03e\x87q\x04a.'
2,30000.0,b'\x80\x03]q\x00K\x00J\xff\xff\xff\xff]q\x01(J\xff\xff\xff\xffK\x04\x86q\x02J\xfe\xff\xff\xffK\x03\x86q\x03e\x87q\x04a.',32645.0,b'\x80\x03]q\x00(K\xaeK\x00]q\x01(J\xfe\xff\xff\xffK\x01\x86q\x02J\xff\xff\xff\xffK\x01\x86q\x03e\x87q\x04K\x00J\xff\xff\xff\xff]q\x05(J\xff\xff\xff\xffJ\xff\xff\xff\xff\x86q\x06K\xaeK\x02\x86q\x07e\x87q\x08e.'
2,32645.0,b'\x80\x03]q\x00(K\xaeK\x00]q\x01(J\xfe\xff\xff\xffK\x01\x86q\x02J\xff\xff\xff\xffK\x01\x86q\x03e\x87q\x04K\x00J\xff\xff\xff\xff]q\x05(J\xff\xff\xff\xffJ\xff\xff\xff\xff\x86q\x06K\xaeK\x02\x86q\x07e\x87q\x08e.',30000.0,b'\x80\x03]q\x00K\x00J\xff\xff\xff\xff]q\x01(J\xff\xff\xff\xffK\x03\x86q\x02J\xfe\xff\xff\xffK\x02\x86q\x03e\x87q\x04a.'
2,30000.0,b'\x80\x03]q\x00K\x00J\xff\xff\xff\xff]q\x01(J\xff\xff\xff\xffK\x03\x86q\x02J\xfe\xff\xff\xffK\x02\x86q\x03e\x87q\x04a.',31177.0,b'\x80\x03]q\x00(K\xaeK\x00]q\x01(J\xfe\xff\xff\xffK\x02\x86q\x02J\xff\xff\xff\xffK\x02\x86q\x03e\x87q\x04K\x00J\xff\xff\xff\xff]q\x05(J\xff\xff\xff\xffK\x00\x86q\x06K\xaeK\x02\x86q\x07e\x87q\x08e.'
2,31177.0,b'\x80\x03]q\x00(K\xaeK\x00]q\x01(J\xfe\xff\xff\xffK\x02\x86q\x02J\xff\xff\xff\xffK\x02\x86q\x03e\x87q\x04K\x00J\xff\xff\xff\xff]q\x05(J\xff\xff\xff\xffK\x00\x86q\x06K\xaeK\x02\x86q\x07e\x87q\x08e.',31177.0,b'\x80\x03]q\x00(K\xaeK\x00]q\x01(J\xfe\xff\xff\xffK\x02\x86q\x02J\xff\xff\xff\xffK\x02\x86q\x03e\x87q\x04K\x00J\xff\xff\xff\xff]q\x05(J\xff\xff\xff\xffK\x00\x86q\x06K\xaeK\x02\x86q\x07e\x87q\x08e.'
2,31177.0,b'\x80\x03]q\x00(K\xaeK\x00]q\x01(J\xfe\xff\xff\xffK\x02\x86q\x02J\xff\xff\xff\xffK\x02\x86q\x03e\x87q\x04K\x00J\xff\xff\xff\xff]q\x05(J\xff\xff\xff\xffK\x00\x86q\x06K\xaeK\x02\x86q\x07e\x87q\x08e.',33240.0,b'\x80\x03]q\x00(K>J\xff\xff\xff\xff]q\x01(J\xff\xff\xff\xffJ\xfc\xff\xff\xff\x86q\x02J\xfe\xff\xff\xffK\x01\x86q\x03e\x87q\x04K\x00K\x00]q\x05K>K\x01\x86q\x06a\x87q\x07e.'
2,33240.0,b'\x80\x03]q\x00(K>J\xff\xff\xff\xff]q\x01(J\xff\xff\xff\xffJ\xfc\xff\xff\xff\x86q\x02J\xfe\xff\xff\xffK\x01\x86q\x03e\x87q\x04K\x00K\x00]q\x05K>K\x01\x86q\x06a\x87q\x07e.',33240.0,b'\x80\x03]q\x00(K>J\xff\xff\xff\xff]q\x01(J\xff\xff\xff\xffJ\xfc\xff\xff\xff\x86q\x02J\xfe\xff\xff\xffK\x01\x86q\x03e\x87q\x04K\x00K\x00]q\x05K>K\x01\x86q\x06a\x87q\x07e.'
2,33240.0,b'\x80\x03]q\x00(K>J\xff\xff\xff\xff]q\x01(J\xff\xff\xff\xffJ\xfc\xff\xff\xff\x86q\x02J\xfe\xff\xff\xffK\x01\x86q\x03e\x87q\x04K\x00K\x00]q\x05K>K\x01\x86q\x06a\x87q\x07e.',33240.0,b'\x80\x03]q\x00(K>J\xff\xff\xff\xff]q\x01(J\xff\xff\xff\xffJ\xfc\xff\xff\xff\x86q\x02J\xfe\xff\xff\xffK\x01\x86q\x03e\x87q\x04K\x00K\x00]q\x05K>K\x01\x86q\x06a\x87q\x07e.'
2,33240.0,b'\x80\x03]q\x00(K>J\xff\xff\xff\xff]q\x01(J\xff\xff\xff\xffJ\xfc\xff\xff\xff\x86q\x02J\xfe\xff\xff\xffK\x01\x86q\x03e\x87q\x04K\x00K\x00]q\x05K>K\x01\x86q\x06a\x87q\x07e.',33240.0,b'\x80\x03]q\x00(K>J\xff\xff\xff\xff]q\x01(J\xff\xff\xff\xffJ\xfc\xff\xff\xff\x86q\x02J\xfe\xff\xff\xffK\x01\x86q\x03e\x87q\x04K\x00K\x00]q\x05K>K\x01\x86q\x06a\x87q\x07e.'
2,33240.0,b'\x80\x03]q\x00(K>J\xff\xff\xff\xff]q\x01(J\xff\xff\xff\xffJ\xfc\xff\xff\xff\x86q\x02J\xfe\xff\xff\xffK\x01\x86q\x03e\x87q\x04K\x00K\x00]q\x05K>K\x01\x86q\x06a\x87q\x07e.',33240.0,b'\x80\x03]q\x00(K>J\xff\xff\xff\xff]q\x01(J\xff\xff\xff\xffJ\xfc\xff\xff\xff\x86q\x02J\xfe\xff\xff\xffK\x01\x86q\x03e\x87q\x04K\x00K\x00]q\x05K>K\x01\x86q\x06a\x87q\x07e.'
2,33240.0,b'\x80\x03]q\x00(K>J\xff\xff\xff\xff]q\x01(J\xff\xff\xff\xffJ\xfc\xff\xff\xff\x86q\x02J\xfe\xff\xff\xffK\x01\x86q\x03e\x87q\x04K\x00K\x00]q\x05K>K\x01\x86q\x06a\x87q\x07e.',33240.0,b'\x80\x03]q\x00(K>J\xff\xff\xff\xff]q\x01(J\xff\xff\xff\xffJ\xfc\xff\xff\xff\x86q\x02J\xfe\xff\xff\xffK\x01\x86q\x03e\x87q\x04K\x00K\x00]q\x05K>K\x01\x86q\x06a\x87q\x07e.'
2,33240.0,b'\x80\x03]q\x00(K>J\xff\xff\xff\xff]q\x01(J\xff\xff\xff\xffJ\xfc\xff\xff\xff\x86q\x02J\xfe\xff\xff\xffK\x01\x86q\x03e\x87q\x04K\x00K\x00]q\x05K>K\x01\x86q\x06a\x87q\x07e.',30000.0,b'\x80\x03]q\x00K\x00J\xfe\xff\xff\xff]q\x01(J\xff\xff\xff\xffK\x04\x86q\x02J\xfe\xff\xff\xffK\x06\x86q\x03e\x87q\x04a.'
2,30000.0,b'\x80\x03]q\x00K\x00J\xfe\xff\xff\xff]q\x01(J\xff\xff\xff\xffK\x04\x86q\x02J\xfe\xff\xff\xffK\x06\x86q\x03e\x87q\x04a.',30000.0,b'\x80\x03]q\x00K\x00J\xfe\xff\xff\xff]q\x01(J\xff\xff\xff\xffK\x04\x86q\x02J\xfe\xff\xff\xffK\x05\x86q\x03e\x87q\x04a.'
2,30000.0,b'\x80\x03]q\x00K\x00J\xfe\xff\xff\xff]q\x01(J\xff\xff\xff\xffK\x04\x86q\x02J\xfe\xff\xff\xffK\x05\x86q\x03e\x87q\x04a.',30000.0,b'\x80\x03]q\x00K\x00J\xfe\xff\xff\xff]q\x01(J\xff\xff\xff\xffK\x04\x86q\x02J\xfe\xff\xff\xffK\x04\x86q\x03e\x87q\x04a.'
2,30000.0,b'\x80\x03]q\x00K\x00J\xfe\xff\xff\xff]q\x01(J\xff\xff\xff\xffK\x04\x86q\x02J\xfe\xff\xff\xffK\x04\x86q\x03e\x87q\x04a.',30000.0,b'\x80\x03]q\x00K\x00J\xfe\xff\xff\xff]q\x01(J\xff\xff\xff\xffK\x04\x86q\x02J\xfe\xff\xff\xffK\x04\x86q\x03e\x87q\x04a.'
2,30000.0,b'\x80\x03]q\x00K\x00J\xfe\xff\xff\xff]q\x01(J\xff\xff\xff\xffK\x04\x86q\x02J\xfe\xff\xff\xffK\x04\x86q\x03e\x87q\x04a.',30000.0,b'\x80\x03]q\x00K\x00J\xfe\xff\xff\xff]q\x01(J\xff\xff\xff\xffK\x05\x86q\x02J\xfe\xff\xff\xffK\x04\x86q\x03e\x87q\x04a.'
2,30000.0,b'\x80\x03]q\x00K\x00J\xfe\xff\xff\xff]q\x01(J\xff\xff\xff\xffK\x05\x86q\x02J\xfe\xff\xff\xffK\x04\x86q\x03e\x87q\x04a.',30000.0,b'\x80\x03]q\x00K\x00J\xfe\xff\xff\xff]q\x01(J\xff\xff\xff\xffK\x05\x86q\x02J\xfe\xff\xff\xffK\x05\x86q\x03e\x87q\x04a.'
2,30000.0,b'\x80\x03]q\x00K\x00J\xfe\xff\xff\xff]q\x01(J\xff\xff\xff\xffK\x05\x86q\x02J\xfe\xff\xff\xffK\x05\x86q\x03e\x87q\x04a.',33240.0,b'\x80\x03]q\x00(K>J\xff\xff\xff\xff]q\x01(J\xff\xff\xff\xffJ\xfc\xff\xff\xff\x86q\x02J\xfe\xff\xff\xffK\x01\x86q\x03e\x87q\x04K\x00K\x00]q\x05K>K\x01\x86q\x06a\x87q\x07e.'
2,33240.0,b'\x80\x03]q\x00(K>J\xff\xff\xff\xff]q\x01(J\xff\xff\xff\xffJ\xfc\xff\xff\xff\x86q\x02J\xfe\xff\xff\xffK\x01\x86q\x03e\x87q\x04K\x00K\x00]q\x05K>K\x01\x86q\x06a\x87q\x07e.',33240.0,b'\x80\x03]q\x00(K>J\xff\xff\xff\xff]q\x01(J\xff\xff\xff\xffJ\xfc\xff\xff\xff\x86q\x02J\xfe\xff\xff\xffK\x01\x86q\x03e\x87q\x04K\x00K\x00]q\x05K>K\x01\x86q\x06a\x87q\x07e.'
2,33240.0,b'\x80\x03]q\x00(K>J\xff\xff\xff\xff]q\x01(J\xff\xff\xff\xffJ\xfc\xff\xff\xff\x86q\x02J\xfe\xff\xff\xffK\x01\x86q\x03e\x87q\x04K\x00K\x00]q\x05K>K\x01\x86q\x06a\x87q\x07e.',30031.0,b'\x80\x03]q\x00(K\xaeJ\xff\xff\xff\xff]q\x01(J\xfe\xff\xff\xffK\x00\x86q\x02J\xff\xff\xff\xffK\x02\x86q\x03e\x87q\x04K\x00K\x00]q\x05K\xaeK\x00\x86q\x06a\x87q\x07e.'
2,30031.0,b'\x80\x03]q\x00(K\xaeJ\xff\xff\xff\xff]q\x01(J\xfe\xff\xff\xffK\x00\x86q\x02J\xff\xff\xff\xffK\x02\x86q\x03e\x87q\x04K\x00K\x00]q\x05K\xaeK\x00\x86q\x06a\x87q\x07e.',30031.0,b'\x80\x03]q\x00(K\xaeJ\xff\xff\xff\xff]q\x01(J\xfe\xff\xff\xffK\x00\x86q\x02J\xff\xff\xff\xffK\x02\x86q\x03e\x87q\x04K\x00K\x00]q\x05K\xaeK\x00\x86q\x06a\x87q\x07e.'
2,30031.0,b'\x80\x03]q\x00(K\xaeJ\xff\xff\xff\xff]q\x01(J\xfe\xff\xff\xffK\x00\x86q\x02J\xff\xff\xff\xffK\x02\x86q\x03e\x87q\x04K\x00K\x00]q\x05K\xaeK\x00\x86q\x06a\x87q\x07e.',32704.0,b'\x80\x03]q\x00(K\xaeJ\xff\xff\xff\xff]q\x01(J\xfe\xff\xff\xffK\x02\x86q\x02J\xff\xff\xff\xffK\x02\x86q\x03e\x87q\x04K\x00K\x00]q\x05(J\xff\xff\xff\xffK\x00\x86q\x06K\xaeK\x00\x86q\x07e\x87q\x08e.'
2,32704.0,b'\x80\x03]q\x00(K\xaeJ\xff\xff\xff\xff]q\x01(J\xfe\xff\xff\xffK\x02\x86q\x02J\xff\xff\xff\xffK\x02\x86q\x03e\x87q\x04K\x00K\x00]q\x05(J\xff\xff\xff\xffK\x00\x86q\x06K\xaeK\x00\x86q\x07e\x87q\x08e.',34539.0,b'\x80\x03]q\x00(M\xe9\x03J\xfd\xff\xff\xff]q\x01J\xff\xff\xff\xffJ\xff\xff\xff\xff\x86q\x02a\x87q\x03K\xaeK\x00]q\x04(J\xfe\xff\xff\xffK\x03\x86q\x05J\xff\xff\xff\xffK\x02\x86q\x06e\x87q\x07K\x00J\xfc\xff\xff\xff]q\x08(K\xaeK\x04\x86q\tM\xe9\x03J\xfe\xff\xff\xff\x86q\nJ\xfe\xff\xff\xffJ\xff\xff\xff\xff\x86q\x0be\x87q\x0ce.'
2,34539.0,b'\x80\x03]q\x00(M\xe9\x03J\xfd\xff\xff\xff]q\x01J\xff\xff\xff\xffJ\xff\xff\xff\xff\x86q\x02a\x87q\x03K\xaeK\x00]q\x04(J\xfe\xff\xff\xffK\x03\x86q\x05J\xff\xff\xff\xffK\x02\x86q\x06e\x87q\x07K\x00J\xfc\xff\xff\xff]q\x08(K\xaeK\x04\x86q\tM\xe9\x03J\xfe\xff\xff\xff\x86q\nJ\xfe\xff\xff\xffJ\xff\xff\xff\xff\x86q\x0be\x87q\x0ce.',34616.0,b'\x80\x03]q\x00(M\xbe\x02J\xff\xff\xff\xff]q\x01J\xff\xff\xff\xffK\x01\x86q\x02a\x87q\x03K>J\xff\xff\xff\xff]q\x04(J\xfe\xff\xff\xffK\x01\x86q\x05M\xbe\x02J\xfb\xff\xff\xff\x86q\x06e\x87q\x07K\x00K\x00]q\x08(K>K\x02\x86q\tJ\xfe\xff\xff\xffJ\xff\xff\xff\xff\x86q\ne\x87q\x0be.'
2,34616.0,b'\x80\x03]q\x00(M\xbe\x02J\xff\xff\xff\xff]q\x01J\xff\xff\xff\xffK\x01\x86q\x02a\x87q\x03K>J\xff\xff\xff\xff]q\x04(J\xfe\xff\xff\xffK\x01\x86q\x05M\xbe\x02J\xfb\xff\xff\xff\x86q\x06e\x87q\x07K\x00K\x00]q\x08(K>K\x02\x86q\tJ\xfe\xff\xff\xffJ\xff\xff\xff\xff\x86q\ne\x87q\x0be.',34616.0,b'\x80\x03]q\x00(M\xbe\x02J\xff\xff\xff\xff]q\x01J\xff\xff\xff\xffK\x01\x86q\x02a\x87q\x03K>J\xff\xff\xff\xff]q\x04(J\xfe\xff\xff\xffK\x01\x86q\x05M\xbe\x02J\xfb\xff\xff\xff\x86q\x06e\x87q\x07K\x00K\x00]q\x08(K>K\x02\x86q\tJ\xfe\xff\xff\xffJ\xff\xff\xff\xff\x86q\ne\x87q\x0be.'
2,34616.0,b'\x80\x03]q\x00(M\xbe\x02J\xff\xff\xff\xff]q\x01J\xff\xff\xff\xffK\x01\x86q\x02a\x87q\x03K>J\xff\xff\xff\xff]q\x04(J\xfe\xff\xff\xffK\x01\x86q\x05M\xbe\x02J\xfb\xff\xff\xff\x86q\x06e\x87q\x07K\x00K\x00]q\x08(K>K\x02\x86q\tJ\xfe\xff\xff\xffJ\xff\xff\xff\xff\x86q\ne\x87q\x0be.',34855.0,b'\x80\x03]q\x00(M\xf8\x04K\x00]q\x01J\xfe\xff\xff\xffK\x01\x86q\x02a\x87q\x03M\xe9\x03K\x00]q\x04J\xfe\xff\xff\xffJ\xff\xff\xff\xff\x86q\x05a\x87q\x06K\xaeJ\xfe\xff\xff\xff]q\x07(J\xff\xff\xff\xffK\x03\x86q\x08M\xf8\x04K\x03\x86q\te\x87q\nK\x00K\x00]q\x0b(K\xaeK\x02\x86q\x0cM\xe9\x03J\xfe\xff\xff\xff\x86q\rJ\xfe\xff\xff\xffJ\xfe\xff\xff\xff\x86q\x0ee\x87q\x0fe.'
2,34855.0,b'\x80\x03]q\x00(M\xf8\x04K\x00]q\x01J\xfe\xff\xff\xffK\x01\x86q\x02a\x87q\x03M\xe9\x03K\x00]q\x04J\xfe\xff\xff\xffJ\xff\xff\xff\xff\x86q\x05a\x87q\x06K\xaeJ\xfe\xff\xff\xff]q\x07(J\xff\xff\xff\xffK\x03\x86q\x08M\xf8\x04K\x03\x86q\te\x87q\nK\x00K\x00]q\x0b(K\xaeK\x02\x86q\x0cM\xe9\x03J\xfe\xff\xff\xff\x86q\rJ\xfe\xff\xff\xffJ\xfe\xff\xff\xff\x86q\x0ee\x87q\x0fe.',34888.0,b'\x80\x03]q\x00(M\xbe\x02J\xff\xff\xff\xff]q\x01J\xff\xff\xff\xffK\x01\x86q\x02a\x87q\x03K>J\xff\xff\xff\xff]q\x04(J\xfe\xff\xff\xffK\x01\x86q\x05M\xbe\x02J\xfb\xff\xff\xff\x86q\x06e\x87q\x07K\x00K\x00]q\x08(K>K\x02\x86q\tJ\xfe\xff\xff\xffJ\xff\xff\xff\xff\x86q\ne\x87q\x0be.'
2,34888.0,b'\x80\x03]q\x00(M\xbe\x02J\xff\xff\xff\xff]q\x01J\xff\xff\xff\xffK\x01\x86q\x02a\x87q\x03K>J\xff\xff\xff\xff]q\x04(J\xfe\xff\xff\xffK\x01\x86q\x05M\xbe\x02J\xfb\xff\xff\xff\x86q\x06e\x87q\x07K\x00K\x00]q\x08(K>K\x02\x86q\tJ\xfe\xff\xff\xffJ\xff\xff\xff\xff\x86q\ne\x87q\x0be.',39990.0,b'\x80\x03]q\x00(M}\x04K\x00]q\x01J\xff\xff\xff\xffJ\xff\xff\xff\xff\x86q\x02a\x87q\x03K\xaeJ\xff\xff\xff\xff]q\x04(J\xfe\xff\xff\xffK\x03\x86q\x05J\xff\xff\xff\xffK\x02\x86q\x06M}\x04J\xff\xff\xff\xff\x86q\x07e\x87q\x08K\x00J\xfd\xff\xff\xff]q\t(K\xaeK\x05\x86q\nJ\xff\xff\xff\xffJ\xfe\xff\xff\xff\x86q\x0bJ\xfe\xff\xff\xffJ\xfe\xff\xff\xff\x86q\x0ce\x87q\re.'
3,25564.0,b'\x80\x03]q\x00K\x00K\x00]q\x01(J\xff\xff\xff\xffK\x00\x86q\x02J\xfe\xff\xff\xffK\x00\x86q\x03e\x87q\x04a.',29573.0,b'\x80\x03]q\x00K\x00K\x00]q\x01(J\xff\xff\xff\xffK\x01\x86q\x02J\xfe\xff\xff\xffJ\xff\xff\xff\xff\x86q\x03e\x87q\x04a.'
3,29573.0,b'\x80\x03]q\x00K\x00K\x00]q\x01(J\xff\xff\xff\xffK\x01\x86q\x02J\xfe\xff\xff\xffJ\xff\xff\xff\xff\x86q\x03e\x87q\x04a.',29996.0,b'\x80\x03]q\x00K\x00J\xff\xff\xff\xff]q\x01(J\xff\xff\xff\xffJ\xfe\xff\xff\xff\x86q\x02J\xfe\xff\xff\xffK\x02\x86q\x03e\x87q\x04a.'
3,29996.0,b'\x80\x03]q\x00K\x00J\xff\xff\xff\xff]q\x01(J\xff\xff\xff\xffJ\xfe\xff\xff\xff\x86q\x02J\xfe\xff\xff\xffK\x02\x86q\x03e\x87q\x04a.',29996.0,b'\x80\x03]q\x00K\x00J\xff\xff\xff\xff]q\x01(J\xff\xff\xff\xffJ\xfe\xff\xff\xff\x86q\x02J\xfe\xff\xff\xffK\x02\x86q\x03e\x87q\x04a.'
3,29996.0,b'\x80\x03]q\x00K\x00J\xff\xff\xff\xff]q\x01(J\xff\xff\xff\xffJ\xfe\xff\xff\xff\x86q\x02J\xfe\xff\xff\xffK\x02\x86q\x03e\x87q\x04a.',29996.0,b'\x80\x03]q\x00K\x00J\xff\xff\xff\xff]q\x01(J\xff\xff\xff\xffJ\xfe\xff\xff\xff\x86q\x02J\xfe\xff\xff\xffK\x02\x86q\x03e\x87q\x04a.'
3,29996.0,b'\x80\x03]q\x00K\x00J\xff\xff\xff\xff]q\x01(J\xff\xff\xff\xffJ\xfe\xff\xff\xff\x86q\x02J\xfe\xff\xff\xffK\x02\x86q\x03e\x87q\x04a.',29999.0,b'\x80\x03]q\x00(KOK\x01]q\x01J\xff\xff\xff\xffK\x00\x86q\x02a\x87q\x03K\x00K\x00]q\x04KOK\x00\x86q\x05a\x87q\x06e.'
3,29999.0,b'\x80\x03]q\x00(KOK\x01]q\x01J\xff\xff\xff\xffK\x00\x86q\x02a\x87q\x03K\x00K\x00]q\x04KOK\x00\x86q\x05a\x87q\x06e.',29999.0,b'\x80\x03]q\x00(KOK\x01]q\x01J\xff\xff\xff\xffK\x00\x86q\x02a\x87q\x03K\x00K\x00]q\x04KOK\x00\x86q\x05a\x87q\x06e.'
3,29999.0,b'\x80\x03]q\x00(KOK\x01]q\x01J\xff\xff\xff\xffK\x00\x86q\x02a\x87q\x03K\x00K\x00]q\x04KOK\x00\x86q\x05a\x87q\x06e.',29978.0,b'\x80\x03]q\x00(KYJ\xff\xff\xff\xff]q\x01J\xfe\xff\xff\xffK\x01\x86q\x02a\x87q\x03K\x00J\xfe\xff\xff\xff]q\x04(J\xff\xff\xff\xffK\x02\x86q\x05KYK\x03\x86q\x06e\x87q\x07e.'
3,29978.0,b'\x80\x03]q\x00(KYJ\xff\xff\xff\xff]q\x01J\xfe\xff\xff\xffK\x01\x86q\x02a\x87q\x03K\x00J\xfe\xff\xff\xff]q\x04(J\xff\xff\xff\xffK\x02\x86q\x05KYK\x03\x86q\x06e\x87q\x07e.',29978.0,b'\x80\x03]q\x00(KYJ\xff\xff\xff\xff]q\x01J\xfe\xff\xff\xffK\x01\x86q\x02a\x87q\x03K\x00J\xfe\xff\xff\xff]q\x04(J\xff\xff\xff\xffK\x02\x86q\x05KYK\x03\x86q\x06e\x87q\x07e.'
3,29978.0,b'\x80\x03]q\x00(KYJ\xff\xff\xff\xff]q\x01J\xfe\xff\xff\xffK\x01\x86q\x02a\x87q\x03K\x00J\xfe\xff\xff\xff]q\x04(J\xff\xff\xff\xffK\x02\x86q\x05KYK\x03\x86q\x06e\x87q\x07e.',29978.0,b'\x80\x03]q\x00(KYJ\xff\xff\xff\xff]q\x01J\xfe\xff\xff\xffK\x01\x86q\x02a\x87q\x03K\x00J\xfe\xff\xff\xff]q\x04(J\xff\xff\xff\xffK\x02\x86q\x05KYK\x03\x86q\x06e\x87q\x07e.'
3,29978.0,b'\x80\x03]q\x00(KYJ\xff\xff\xff\xff]q\x01J\xfe\xff\xff\xffK\x01\x86q\x02a\x87q\x03K\x00J\xfe\xff\xff\xff]q\x04(J\xff\xff\xff\xffK\x02\x86q\x05KYK\x03\x86q\x06e\x87q\x07e.',30000.0,b'\x80\x03]q\x00K\x00J\xff\xff\xff\xff]q\x01(J\xff\xff\xff\xffJ\xfc\xff\xff\xff\x86q\x02J\xfe\xff\xff\xffK\x03\x86q\x03e\x87q\x04a.'
3,30000.0,b'\x80\x03]q\x00K\x00J\xff\xff\xff\xff]q\x01(J\xff\xff\xff\xffJ\xfc\xff\xff\xff\x86q\x02J\xfe\xff\xff\xffK\x03\x86q\x03e\x87q\x04a.',29127.0,b'\x80\x03]q\x00K\x00K\x00]q\x01(J\xff\xff\xff\xffJ\xfd\xff\xff\xff\x86q\x02J\xfe\xff\xff\xffK\x01\x86q\x03e\x87q\x04a.'
3,29127.0,b'\x80\x03]q\x00K\x00K\x00]q\x01(J\xff\xff\xff\xffJ\xfd\xff\xff\xff\x86q\x02J\xfe\xff\xff\xffK\x01\x86q\x03e\x87q\x04a.',29992.0,b'\x80\x03]q\x00K\x00J\xff\xff\xff\xff]q\x01(J\xff\xff\xff\xffK\x03\x86q\x02J\xfe\xff\xff\xffK\x02\x86q\x03e\x87q\x04a.'
3,29992.0,b'\x80\x03]q\x00K\x00J\xff\xff\xff\xff]q\x01(J\xff\xff\xff\xffK\x03\x86q\x02J\xfe\xff\xff\xffK\x02\x86q\x03e\x87q\x04a.',29994.0,b'\x80\x03]q\x00K\x00J\xff\xff\xff\xff]q\x01(J\xff\xff\xff\xffK\x02\x86q\x02J\xfe\xff\xff\xffK\x02\x86q\x03e\x87q\x04a.'
3,29994.0,b'\x80\x03]q\x00K\x00J\xff\xff\xff\xff]q\x01(J\xff\xff\xff\xffK\x02\x86q\x02J\xfe\xff\xff\xffK\x02\x86q\x03e\x87q\x04a.',29999.0,b'\x80\x03]q\x00K\x00J\xff\xff\xff\xff]q\x01(J\xff\xff\xff\xffK\x04\x86q\x02J\xfe\xff\xff\xffK\x02\x86q\x03e\x87q\x04a.'
3,29999.0,b'\x80\x03]q\x00K\x00J\xff\xff\xff\xff]q\x01(J\xff\xff\xff\xffK\x04\x86q\x02J\xfe\xff\xff\xffK\x02\x86q\x03e\x87q\x04a.',29999.0,b'\x80\x03]q\x00K\x00J\xff\xff\xff\xff]q\x01(J\xff\xff\xff\xffK\x04\x86q\x02J\xfe\xff\xff\xffK\x02\x86q\x03e\x87q\x04a.'
3,29999.0,b'\x80\x03]q\x00K\x00J\xff\xff\xff\xff]q\x01(J\xff\xff\xff\xffK\x04\x86q\x02J\xfe\xff\xff\xffK\x02\x86q\x03e\x87q\x04a.',30000.0,b'\x80\x03]q\x00K\x00J\xfe\xff\xff\xff]q\x01(J\xff\xff\xff\xffK\x05\x86q\x02J\xfe\xff\xff\xffK\x03\x86q\x03e\x87q\x04a.'
3,30000.0,b'\x80\x03]q\x00K\x00J\xfe\xff\xff\xff]q\x01(J\xff\xff\xff\xffK\x05\x86q\x02J\xfe\xff\xff\xffK\x03\x86q\x03e\x87q\x04a.',30000.0,b'\x80\x03]q\x00(M\xa8\x01K\x00]q\x01J\xff\xff\xff\xffK\x01\x86q\x02a\x87q\x03K\x00J\xfe\xff\xff\xff]q\x04(J\xfe\xff\xff\xffK\x04\x86q\x05M\xa8\x01J\xfc\xff\xff\xff\x86q\x06e\x87q\x07e.'
3,30000.0,b'\x80\x03]q\x00(M\xa8\x01K\x00]q\x01J\xff\xff\xff\xffK\x01\x86q\x02a\x87q\x03K\x00J\xfe\xff\xff\xff]q\x04(J\xfe\xff\xff\xffK\x04\x86q\x05M\xa8\x01J\xfc\xff\xff\xff\x86q\x06e\x87q\x07e.',30000.0,b'\x80\x03]q\x00(M\xa8\x01K\x00]q\x01J\xff\xff\xff\xffK\x01\x86q\x02a\x87q\x03K\x00J\xfd\xff\xff\xff]q\x04(J\xfe\xff\xff\xffK\x05\x86q\x05M\xa8\x01J\xfc\xff\xff\xff\x86q\x06e\x87q\x07e.'
3,30000.0,b'\x80\x03]q\x00(M\xa8\x01K\x00]q\x01J\xff\xff\xff\xffK\x01\x86q\x02a\x87q\x03K\x00J\xfd\xff\xff\xff]q\x04(J\xfe\xff\xff\xffK\x05\x86q\x05M\xa8\x01J\xfc\xff\xff\xff\x86q\x06e\x87q\x07e.',30000.0,b'\x80\x03]q\x00K\x00J\xff\xff\xff\xff]q\x01(J\xff\xff\xff\xffK\x04\x86q\x02J\xfe\xff\xff\xffK\x03\x86q\x03e\x87q\x04a.'
3,30000.0,b'\x80\x03]q\x00K\x00J\xff\xff\xff\xff]q\x01(J\xff\xff\xff\xffK\x04\x86q\x02J\xfe\xff\xff\xffK\x03\x86q\x03e\x87q\x04a.',30000.0,b'\x80\x03]q\x00K\x00J\xff\xff\xff\xff]q\x01(J\xff\xff\xff\xffJ\xfc\xff\xff\xff\x86q\x02J\xfe\xff\xff\xffK\x03\x86q\x03e\x87q\x04a.'
3,30000.0,b'\x80\x03]q\x00K\x00J\xff\xff\xff\xff]q\x01(J\xff\xff\xff\xffJ\xfc\xff\xff\xff\x86q\x02J\xfe\xff\xff\xffK\x03\x86q\x03e\x87q\x04a.',29999.0,b'\x80\x03]q\x00K\x00J\xff\xff\xff\xff]q\x01(J\xff\xff\xff\xffJ\xfc\xff\xff\xff\x86q\x02J\xfe\xff\xff\xffK\x03\x86q\x03e\x87q\x04a.'
3,29999.0,b'\x80\x03]q\x00K\x00J\xff\xff\xff\xff]q\x01(J\xff\xff\xff\xffJ\xfc\xff\xff\xff\x86q\x02J\xfe\xff\xff\xffK\x03\x86q\x03e\x87q\x04a.',29999.0,b'\x80\x03]q\x00K\x00J\xff\xff\xff\xff]q\x01(J\xff\xff\xff\xffK\x03\x86q\x02J\xfe\xff\xff\xffK\x02\x86q\x03e\x87q\x04a.'
3,29999.0,b'\x80\x03]q\x00K\x00J\xff\xff\xff\xff]q\x01(J\xff\xff\xff\xffK\x03\x86q\x02J\xfe\xff\xff\xffK\x02\x86q\x03e\x87q\x04a.',30000.0,b'\x80\x03]q\x00(M\xc9\x01J\xff\xff\xff\xff]q\x01J\xff\xff\xff\xffK\x01\x86q\x02a\x87q\x03K\x00J\xff\xff\xff\xff]q\x04(J\xfe\xff\xff\xffK\x04\x86q\x05M\xc9\x01J\xfc\xff\xff\xff\x86q\x06e\x87q\x07e.'
3,30000.0,b'\x80\x03]q\x00(M\xc9\x01J\xff\xff\xff\xff]q\x01J\xff\xff\xff\xffK\x01\x86q\x02a\x87q\x03K\x00J\xff\xff\xff\xff]q\x04(J\xfe\xff\xff\xffK\x04\x86q\x05M\xc9\x01J\xfc\xff\xff\xff\x86q\x06e\x87q\x07e.',29959.0,b'\x80\x03]q\x00K\x00J\xff\xff\xff\xff]q\x01(J\xff\xff\xff\xffK\x04\x86q\x02J\xfe\xff\xff\xffK\x02\x86q\x03e\x87q\x04a.'
3,29959.0,b'\x80\x03]q\x00K\x00J\xff\xff\xff\xff]q\x01(J\xff\xff\xff\xffK\x04\x86q\x02J\xfe\xff\xff\xffK\x02\x86q\x03e\x87q\x04a.',30000.0,b'\x80\x03]q\x00(KYJ\xff\xff\xff\xff]q\x01J\xfe\xff\xff\xffK\x05\x86q\x02a\x87q\x03K\x00J\xfe\xff\xff\xff]q\x04(J\xff\xff\xff\xffK\x04\x86q\x05KYK\x04\x86q\x06e\x87q\x07e.'
3,30000.0,b'\x80\x03]q\x00(KYJ\xff\xff\xff\xff]q\x01J\xfe\xff\xff\xffK\x05\x86q\x02a\x87q\x03K\x00J\xfe\xff\xff\xff]q\x04(J\xff\xff\xff\xffK\x04\x86q\x05KYK\x04\x86q\x06e\x87q\x07e.',30476.0,b'\x80\x03]q\x00(KYK\x00]q\x01(J\xfe\xff\xff\xffK\x04\x86q\x02J\xff\xff\xff\xffK\x00\x86q\x03e\x87q\x04K\x00J\xfd\xff\xff\xff]q\x05KYK\x03\x86q\x06a\x87q\x07e.'
3,30476.0,b'\x80\x03]q\x00(KYK\x00]q\x01(J\xfe\xff\xff\xffK\x04\x86q\x02J\xff\xff\xff\xffK\x00\x86q\x03e\x87q\x04K\x00J\xfd\xff\xff\xff]q\x05KYK\x03\x86q\x06a\x87q\x07e.',30000.0,b'\x80\x03]q\x00K\x00J\xfe\xff\xff\xff]q\x01(J\xff\xff\xff\xffJ\xfb\xff\xff\xff\x86q\x02J\xfe\xff\xff\xffK\x04\x86q\x03e\x87q\x04a.'
3,30000.0,b'\x80\x03]q\x00K\x00J\xfe\xff\xff\xff]q\x01(J\xff\xff\xff\xffJ\xfb\xff\xff\xff\x86q\x02J\xfe\xff\xff\xffK\x04\x86q\x03e\x87q\x04a.',30000.0,b'\x80\x03]q\x00K\x00J\xfe\xff\xff\xff]q\x01(J\xff\xff\xff\xffJ\xfb\xff\xff\xff\x86q\x02J\xfe\xff\xff\xffK\x04\x86q\x03e\x87q\x04a.'
3,30000.0,b'\x80\x03]q\x00K\x00J\xfe\xff\xff\xff]q\x01(J\xff\xff\xff\xffJ\xfb\xff\xff\xff\x86q\x02J\xfe\xff\xff\xffK\x04\x86q\x03e\x87q\x04a.',29999.0,b'\x80\x03]q\x00K\x00J\xff\xff\xff\xff]q\x01(J\xff\xff\xff\xffK\x02\x86q\x02J\xfe\xff\xff\xffK\x04\x86q\x03e\x87q\x04a.'
3,29999.0,b'\x80\x03]q\x00K\x00J\xff\xff\xff\xff]q\x01(J\xff\xff\xff\xffK\x02\x86q\x02J\xfe\xff\xff\xffK\x04\x86q\x03e\x87q\x04a.',29999.0,b'\x80\x03]q\x00K\x00J\xff\xff\xff\xff]q\x01(J\xff\xff\xff\xffK\x02\x86q\x02J\xfe\xff\xff\xffK\x04\x86q\x03e\x87q\x04a.'
3,29999.0,b'\x80\x03]q\x00K\x00J\xff\xff\xff\xff]q\x01(J\xff\xff\xff\xffK\x02\x86q\x02J\xfe\xff\xff\xffK\x04\x86q\x03e\x87q\x04a.',29993.0,b'\x80\x03]q\x00K\x00J\xff\xff\xff\xff]q\x01(J\xff\xff\xff\xffK\x02\x86q\x02J\xfe\xff\xff\xffK\x04\x86q\x03e\x87q\x04a.'
3,29993.0,b'\x80\x03]q\x00K\x00J\xff\xff\xff\xff]q\x01(J\xff\xff\xff\xffK\x02\x86q\x02J\xfe\xff\xff\xffK\x04\x86q\x03e\x87q\x04a.',30000.0,b'\x80\x03]q\x00K\x00J\xfe\xff\xff\xff]q\x01(J\xff\xff\xff\xffJ\xfc\xff\xff\xff\x86q\x02J\xfe\xff\xff\xffK\x04\x86q\x03e\x87q\x04a.'
3,30000.0,b'\x80\x03]q\x00K\x00J\xfe\xff\xff\xff]q\x01(J\xff\xff\xff\xffJ\xfc\xff\xff\xff\x86q\x02J\xfe\xff\xff\xffK\x04\x86q\x03e\x87q\x04a.',30000.0,b'\x80\x03]q\x00K\x00J\xfe\xff\xff\xff]q\x01(J\xff\xff\xff\xffJ\xfb\xff\xff\xff\x86q\x02J\xfe\xff\xff\xffK\x05\x86q\x03e\x87q\x04a.'
3,30000.0,b'\x80\x03]q\x00K\x00J\xfe\xff\xff\xff]q\x01(J\xff\xff\xff\xffJ\xfb\xff\xff\xff\x86q\x02J\xfe\xff\xff\xffK\x05\x86q\x03e\x87q\x04a.',39833.0,b'\x80\x03]q\x00(KYJ\xff\xff\xff\xff]q\x01(J\xfe\xff\xff\xffK\x02\x86q\x02J\xff\xff\xff\xffJ\xfd\xff\xff\xff\x86q\x03e\x87q\x04M\xf9\x02J\xff\xff\xff\xff]q\x05J\xff\xff\xff\xffK\x01\x86q\x06a\x87q\x07M\x84\x03K\x02]q\x08J\xff\xff\xff\xffK\x00\x86q\ta\x87q\nM9\x03J\xff\xff\xff\xff]q\x0b(J\xfe\xff\xff\xffK\x02\x86q\x0cM\x84\x03K\x00\x86q\re\x87q\x0eK\x00J\xff\xff\xff\xff]q\x0f(J\xff\xff\xff\xffK\x02\x86q\x10KYK\x04\x86q\x11M\xf9\x02K\x01\x86q\x12M9\x03J\xfe\xff\xff\xff\x86q\x13e\x87q\x14e.'
4,22455.0,b'\x80\x03]q\x00K\x00J\xff\xff\xff\xff]q\x01(J\xff\xff\xff\xffJ\xfe\xff\xff\xff\x86q\x02J\xfe\xff\xff\xffK\x00\x86q\x03e\x87q\x04a.',29981.0,b'\x80\x03]q\x00K\x00J\xff\xff\xff\xff]q\x01(J\xff\xff\xff\xffK\x01\x86q\x02J\xfe\xff\xff\xffK\x02\x86q\x03e\x87q\x04a.'
4,29981.0,b'\x80\x03]q\x00K\x00J\xff\xff\xff\xff]q\x01(J\xff\xff\xff\xffK\x01\x86q\x02J\xfe\xff\xff\xffK\x02\x86q\x03e\x87q\x04a.',29983.0,b'\x80\x03]q\x00K\x00J\xff\xff\xff\xff]q\x01(J\xff\xff\xff\xffK\x02\x86q\x02J\xfe\xff\xff\xffK\x02\x86q\x03e\x87q\x04a.'
4,29983.0,b'\x80\x03]q\x00K\x00J\xff\xff\xff\xff]q\x01(J\xff\xff\xff\xffK\x02\x86q\x02J\xfe\xff\xff\xffK\x02\x86q\x03e\x87q\x04a.',29983.0,b'\x80\x03]q\x00K\x00J\xff\xff\xff\xff]q\x01(J\xff\xff\xff\xffK\x02\x86q\x02J\xfe\xff\xff\xffK\x02\x86q\x03e\x87q\x04a.'
4,29983.0,b'\x80\x03]q\x00K\x00J\xff\xff\xff\xff]q\x01(J\xff\xff\xff\xffK\x02\x86q\x02J\xfe\xff\xff\xffK\x02\x86q\x03e\x87q\x04a.',29995.0,b'\x80\x03]q\x00K\x00J\xff\xff\xff\xff]q\x01(J\xff\xff\xff\xffK\x02\x86q\x02J\xfe\xff\xff\xffK\x02\x86q\x03e\x87q\x04a.'
4,29995.0,b'\x80\x03]q\x00K\x00J\xff\xff\xff\xff]q\x01(J\xff\xff\xff\xffK\x02\x86q\x02J\xfe\xff\xff\xffK\x02\x86q\x03e\x87q\x04a.',29999.0,b'\x80\x03]q\x00(K\x02J\xff\xff\xff\xff]q\x01J\xfe\xff\xff\xffK\x03\x86q\x02a\x87q\x03K\x00J\xff\xff\xff\xff]q\x04(J\xff\xff\xff\xffK\x02\x86q\x05K\x02J\xfe\xff\xff\xff\x86q\x06e\x87q\x07e.'
4,29999.0,b'\x80\x03]q\x00(K\x02J\xff\xff\xff\xff]q\x01J\xfe\xff\xff\xffK\x03\x86q\x02a\x87q\x03K\x00J\xff\xff\xff\xff]q\x04(J\xff\xff\xff\xffK\x02\x86q\x05K\x02J\xfe\xff\xff\xff\x86q\x06e\x87q\x07e.',29999.0,b'\x80\x03]q\x00(K\x02J\xff\xff\xff\xff]q\x01J\xfe\xff\xff\xffK\x03\x86q\x02a\x87q\x03K\x00J\xff\xff\xff\xff]q\x04(J\xff\xff\xff\xffK\x02\x86q\x05K\x02J\xfe\xff\xff\xff\x86q\x06e\x87q\x07e.'
4,29999.0,b'\x80\x03]q\x00(K\x02J\xff\xff\xff\xff]q\x01J\xfe\xff\xff\xffK\x03\x86q\x02a\x87q\x03K\x00J\xff\xff\xff\xff]q\x04(J\xff\xff\xff\xffK\x02\x86q\x05K\x02J\xfe\xff\xff\xff\x86q\x06e\x87q\x07e.',30000.0,b'\x80\x03]q\x00(K\x02J\xff\xff\xff\xff]q\x01J\xfe\xff\xff\xffK\x03\x86q\x02a\x87q\x03K\x00J\xfe\xff\xff\xff]q\x04(J\xff\xff\xff\xffK\x03\x86q\x05K\x02J\xfc\xff\xff\xff\x86q\x06e\x87q\x07e.'
4,30000.0,b'\x80\x03]q\x00(K\x02J\xff\xff\xff\xff]q\x01J\xfe\xff\xff\xffK\x03\x86q\x02a\x87q\x03K\x00J\xfe\xff\xff\xff]q\x04(J\xff\xff\xff\xffK\x03\x86q\x05K\x02J\xfc\xff\xff\xff\x86q\x06e\x87q\x07e.',30000.0,b'\x80\x03]q\x00(K\x02J\xff\xff\xff\xff]q\x01J\xfe\xff\xff\xffK\x03\x86q\x02a\x87q\x03K\x00J\xfe\xff\xff\xff]q\x04(J\xff\xff\xff\xffK\x03\x86q\x05K\x02J\xfc\xff\xff\xff\x86q\x06e\x87q\x07e.'
4,30000.0,b'\x80\x03]q\x00(K\x02J\xff\xff\xff\xff]q\x01J\xfe\xff\xff\xffK\x03\x86q\x02a\x87q\x03K\x00J\xfe\xff\xff\xff]q\x04(J\xff\xff\xff\xffK\x03\x86q\x05K\x02J\xfc\xff\xff\xff\x86q\x06e\x87q\x07e.',30000.0,b'\x80\x03]q\x00(K\x02J\xff\xff\xff\xff]q\x01J\xfe\xff\xff\xffK\x03\x86q\x02a\x87q\x03K\x00J\xfe\xff\xff\xff]q\x04(J\xff\xff\xff\xffK\x03\x86q\x05K\x02J\xfc\xff\xff\xff\x86q\x06e\x87q\x07e.'
4,30000.0,b'\x80\x03]q\x00(K\x02J\xff\xff\xff\xff]q\x01J\xfe\xff\xff\xffK\x03\x86q\x02a\x87q\x03K\x00J\xfe\xff\xff\xff]q\x04(J\xff\xff\xff\xffK\x03\x86q\x05K\x02J\xfc\xff\xff\xff\x86q\x06e\x87q\x07e.',29984.0,b'\x80\x03]q\x00(K\xbbJ\xff\xff\xff\xff]q\x01J\xfe\xff\xff\xffK\x02\x86q\x02a\x87q\x03K\x00J\xff\xff\xff\xff]q\x04(J\xff\xff\xff\xffK\x02\x86q\x05K\xbbJ\xfe\xff\xff\xff\x86q\x06e\x87q\x07e.'
4,29984.0,b'\x80\x03]q\x00(K\xbbJ\xff\xff\xff\xff]q\x01J\xfe\xff\xff\xffK\x02\x86q\x02a\x87q\x03K\x00J\xff\xff\xff\xff]q\x04(J\xff\xff\xff\xffK\x02\x86q\x05K\xbbJ\xfe\xff\xff\xff\x86q\x06e\x87q\x07e.',29999.0,b'\x80\x03]q\x00(K\xbbJ\xff\xff\xff\xff]q\x01J\xfe\xff\xff\xffK\x02\x86q\x02a\x87q\x03K\x00J\xff\xff\xff\xff]q\x04(J\xff\xff\xff\xffK\x02\x86q\x05K\xbbJ\xfd\xff\xff\xff\x86q\x06e\x87q\x07e.'
4,29999.0,b'\x80\x03]q\x00(K\xbbJ\xff\xff\xff\xff]q\x01J\xfe\xff\xff\xffK\x02\x86q\x02a\x87q\x03K\x00J\xff\xff\xff\xff]q\x04(J\xff\xff\xff\xffK\x02\x86q\x05K\xbbJ\xfd\xff\xff\xff\x86q\x06e\x87q\x07e.',29999.0,b'\x80\x03]q\x00(K\xbbJ\xff\xff\xff\xff]q\x01J\xfe\xff\xff\xffK\x02\x86q\x02a\x87q\x03K\x00J\xff\xff\xff\xff]q\x04(J\xff\xff\xff\xffK\x02\x86q\x05K\xbbJ\xfd\xff\xff\xff\x86q\x06e\x87q\x07e.'
4,29999.0,b'\x80\x03]q\x00(K\xbbJ\xff\xff\xff\xff]q\x01J\xfe\xff\xff\xffK\x02\x86q\x02a\x87q\x03K\x00J\xff\xff\xff\xff]q\x04(J\xff\xff\xff\xffK\x02\x86q\x05K\xbbJ\xfd\xff\xff\xff\x86q\x06e\x87q\x07e.',29999.0,b'\x80\x03]q\x00(K\xbbJ\xff\xff\xff\xff]q\x01J\xfe\xff\xff\xffK\x02\x86q\x02a\x87q\x03K\x00J\xff\xff\xff\xff]q\x04(J\xff\xff\xff\xffK\x02\x86q\x05K\xbbJ\xfd\xff\xff\xff\x86q\x06e\x87q\x07e.'
4,29999.0,b'\x80\x03]q\x00(K\xbbJ\xff\xff\xff\xff]q\x01J\xfe\xff\xff\xffK\x02\x86q\x02a\x87q\x03K\x00J\xff\xff\xff\xff]q\x04(J\xff\xff\xff\xffK\x02\x86q\x05K\xbbJ\xfd\xff\xff\xff\x86q\x06e\x87q\x07e.',30000.0,b'\x80\x03]q\x00(K\xbbJ\xff\xff\xff\xff]q\x01J\xfe\xff\xff\xffK\x00\x86q\x02a\x87q\x03M9\x01K\x00]q\x04K\xbbK\x01\x86q\x05a\x87q\x06K\x00J\xff\xff\xff\xff]q\x07(J\xff\xff\xff\xffK\x02\x86q\x08M9\x01K\x01\x86q\tJ\xfe\xff\xff\xffK\x02\x86q\ne\x87q\x0be.'
4,30000.0,b'\x80\x03]q\x00(K\xbbJ\xff\xff\xff\xff]q\x01J\xfe\xff\xff\xffK\x00\x86q\x02a\x87q\x03M9\x01K\x00]q\x04K\xbbK\x01\x86q\x05a\x87q\x06K\x00J\xff\xff\xff\xff]q\x07(J\xff\xff\xff\xffK\x02\x86q\x08M9\x01K\x01\x86q\tJ\xfe\xff\xff\xffK\x02\x86q\ne\x87q\x0be.',30000.0,b'\x80\x03]q\x00(M;\x01J\xff\xff\xff\xff]q\x01(J\xff\xff\xff\xffK\x01\x86q\x02J\xfe\xff\xff\xffJ\xff\xff\xff\xff\x86q\x03e\x87q\x04K\xbbK\x00]q\x05J\xfe\xff\xff\xffK\x01\x86q\x06a\x87q\x07K\x00J\xff\xff\xff\xff]q\x08(K\xbbJ\xfe\xff\xff\xff\x86q\tM;\x01K\x03\x86q\ne\x87q\x0be.'
4,30000.0,b'\x80\x03]q\x00(M;\x01J\xff\xff\xff\xff]q\x01(J\xff\xff\xff\xffK\x01\x86q\x02J\xfe\xff\xff\xffJ\xff\xff\xff\xff\x86q\x03e\x87q\x04K\xbbK\x00]q\x05J\xfe\xff\xff\xffK\x01\x86q\x06a\x87q\x07K\x00J\xff\xff\xff\xff]q\x08(K\xbbJ\xfe\xff\xff\xff\x86q\tM;\x01K\x03\x86q\ne\x87q\x0be.',30000.0,b'\x80\x03]q\x00K\x00J\xff\xff\xff\xff]q\x01(J\xff\xff\xff\xffK\x02\x86q\x02J\xfe\xff\xff\xffK\x02\x86q\x03e\x87q\x04a.'
4,30000.0,b'\x80\x03]q\x00K\x00J\xff\xff\xff\xff]q\x01(J\xff\xff\xff\xffK\x02\x86q\x02J\xfe\xff\xff\xffK\x02\x86q\x03e\x87q\x04a.',30000.0,b'\x80\x03]q\x00K\x00J\xff\xff\xff\xff]q\x01(J\xff\xff\xff\xffK\x02\x86q\x02J\xfe\xff\xff\xffK\x02\x86q\x03e\x87q\x04a.'
4,30000.0,b'\x80\x03]q\x00K\x00J\xff\xff\xff\xff]q\x01(J\xff\xff\xff\xffK\x02\x86q\x02J\xfe\xff\xff\xffK\x02\x86q\x03e\x87q\x04a.',30000.0,b'\x80\x03]q\x00K\x00J\xff\xff\xff\xff]q\x01(J\xff\xff\xff\xffK\x03\x86q\x02J\xfe\xff\xff\xffK\x03\x86q\x03e\x87q\x04a.'
4,30000.0,b'\x80\x03]q\x00K\x00J\xff\xff\xff\xff]q\x01(J\xff\xff\xff\xffK\x03\x86q\x02J\xfe\xff\xff\xffK\x03\x86q\x03e\x87q\x04a.',30000.0,b'\x80\x03]q\x00K\x00J\xff\xff\xff\xff]q\x01(J\xff\xff\xff\xffK\x03\x86q\x02J\xfe\xff\xff\xffK\x03\x86q\x03e\x87q\x04a.'
4,30000.0,b'\x80\x03]q\x00K\x00J\xff\xff\xff\xff]q\x01(J\xff\xff\xff\xffK\x03\x86q\x02J\xfe\xff\xff\xffK\x03\x86q\x03e\x87q\x04a.',30000.0,b'\x80\x03]q\x00K\x00J\xff\xff\xff\xff]q\x01(J\xff\xff\xff\xffK\x03\x86q\x02J\xfe\xff\xff\xffK\x04\x86q\x03e\x87q\x04a.'
4,30000.0,b'\x80\x03]q\x00K\x00J\xff\xff\xff\xff]q\x01(J\xff\xff\xff\xffK\x03\x86q\x02J\xfe\xff\xff\xffK\x04\x86q\x03e\x87q\x04a.',30000.0,b'\x80\x03]q\x00K\x00J\xff\xff\xff\xff]q\x01(J\xff\xff\xff\xffK\x03\x86q\x02J\xfe\xff\xff\xffK\x04\x86q\x03e\x87q\x04a.'
4,30000.0,b'\x80\x03]q\x00K\x00J\xff\xff\xff\xff]q\x01(J\xff\xff\xff\xffK\x03\x86q\x02J\xfe\xff\xff\xffK\x04\x86q\x03e\x87q\x04a.',30000.0,b'\x80\x03]q\x00K\x00J\xfe\xff\xff\xff]q\x01(J\xff\xff\xff\xffK\x04\x86q\x02J\xfe\xff\xff\xffK\x04\x86q\x03e\x87q\x04a.'
4,30000.0,b'\x80\x03]q\x00K\x00J\xfe\xff\xff\xff]q\x01(J\xff\xff\xff\xffK\x04\x86q\x02J\xfe\xff\xff\xffK\x04\x86q\x03e\x87q\x04a.',30000.0,b'\x80\x03]q\x00(K\x02J\xff\xff\xff\xff]q\x01J\xfe\xff\xff\xffK\x03\x86q\x02a\x87q\x03K\x00J\xfe\xff\xff\xff]q\x04(J\xff\xff\xff\xffK\x04\x86q\x05K\x02J\xfc\xff\xff\xff\x86q\x06e\x87q\x07e.'
4,30000.0,b'\x80\x03]q\x00(K\x02J\xff\xff\xff\xff]q\x01J\xfe\xff\xff\xffK\x03\x86q\x02a\x87q\x03K\x00J\xfe\xff\xff\xff]q\x04(J\xff\xff\xff\xffK\x04\x86q\x05K\x02J\xfc\xff\xff\xff\x86q\x06e\x87q\x07e.',30000.0,b'\x80\x03]q\x00K\x00J\xff\xff\xff\xff]q\x01(J\xff\xff\xff\xffK\x02\x86q\x02J\xfe\xff\xff\xffJ\xfe\xff\xff\xff\x86q\x03e\x87q\x04a.'
4,30000.0,b'\x80\x03]q\x00K\x00J\xff\xff\xff\xff]q\x01(J\xff\xff\xff\xffK\x02\x86q\x02J\xfe\xff\xff\xffJ\xfe\xff\xff\xff\x86q\x03e\x87q\x04a.',30000.0,b'\x80\x03]q\x00K\x00J\xfe\xff\xff\xff]q\x01(J\xff\xff\xff\xffK\x03\x86q\x02J\xfe\xff\xff\xffJ\xfc\xff\xff\xff\x86q\x03e\x87q\x04a.'
4,30000.0,b'\x80\x03]q\x00K\x00J\xfe\xff\xff\xff]q\x01(J\xff\xff\xff\xffK\x03\x86q\x02J\xfe\xff\xff\xffJ\xfc\xff\xff\xff\x86q\x03e\x87q\x04a.',30000.0,b'\x80\x03]q\x00(K\x02J\xff\xff\xff\xff]q\x01(J\xfe\xff\xff\xffK\x04\x86q\x02J\xff\xff\xff\xffJ\xff\xff\xff\xff\x86q\x03e\x87q\x04K\x00J\xfe\xff\xff\xff]q\x05(J\xff\xff\xff\xffK\x04\x86q\x06K\x02J\xfb\xff\xff\xff\x86q\x07e\x87q\x08e.'
4,30000.0,b'\x80\x03]q\x00(K\x02J\xff\xff\xff\xff]q\x01(J\xfe\xff\xff\xffK\x04\x86q\x02J\xff\xff\xff\xffJ\xff\xff\xff\xff\x86q\x03e\x87q\x04K\x00J\xfe\xff\xff\xff]q\x05(J\xff\xff\xff\xffK\x04\x86q\x06K\x02J\xfb\xff\xff\xff\x86q\x07e\x87q\x08e.',30000.0,b'\x80\x03]q\x00(K\x02J\xff\xff\xff\xff]q\x01(J\xfe\xff\xff\xffK\x03\x86q\x02J\xff\xff\xff\xffJ\xfe\xff\xff\xff\x86q\x03e\x87q\x04K\x00J\xfe\xff\xff\xff]q\x05(J\xff\xff\xff\xffK\x04\x86q\x06K\x02J\xfb\xff\xff\xff\x86q\x07e\x87q\x08e.'
4,30000.0,b'\x80\x03]q\x00(K\x02J\xff\xff\xff\xff]q\x01(J\xfe\xff\xff\xffK\x03\x86q\x02J\xff\xff\xff\xffJ\xfe\xff\xff\xff\x86q\x03e\x87q\x04K\x00J\xfe\xff\xff\xff]q\x05(J\xff\xff\xff\xffK\x04\x86q\x06K\x02J\xfb\xff\xff\xff\x86q\x07e\x87q\x08e.',30000.0,b'\x80\x03]q\x00(K\x02J\xff\xff\xff\xff]q\x01(J\xfe\xff\xff\xffK\x03\x86q\x02J\xff\xff\xff\xffJ\xff\xff\xff\xff\x86q\x03e\x87q\x04K\x00J\xfe\xff\xff\xff]q\x05(J\xff\xff\xff\xffK\x04\x86q\x06K\x02J\xfb\xff\xff\xff\x86q\x07J\xfe\xff\xff\xffK\x00\x86q\x08e\x87q\te.'
4,30000.0,b'\x80\x03]q\x00(K\x02J\xff\xff\xff\xff]q\x01(J\xfe\xff\xff\xffK\x03\x86q\x02J\xff\xff\xff\xffJ\xff\xff\xff\xff\x86q\x03e\x87q\x04K\x00J\xfe\xff\xff\xff]q\x05(J\xff\xff\xff\xffK\x04\x86q\x06K\x02J\xfb\xff\xff\xff\x86q\x07J\xfe\xff\xff\xffK\x00\x86q\x08e\x87q\te.',30000.0,b'\x80\x03]q\x00K\x00J\xfd\xff\xff\xff]q\x01(J\xff\xff\xff\xffK\x04\x86q\x02J\xfe\xff\xff\xffJ\xfc\xff\xff\xff\x86q\x03e\x87q\x04a.'
4,30000.0,b'\x80\x03]q\x00K\x00J\xfd\xff\xff\xff]q\x01(J\xff\xff\xff\xffK\x04\x86q\x02J\xfe\xff\xff\xffJ\xfc\xff\xff\xff\x86q\x03e\x87q\x04a.',30000.0,b'\x80\x03]q\x00K\x00J\xfe\xff\xff\xff]q\x01(J\xff\xff\xff\xffK\x05\x86q\x02J\xfe\xff\xff\xffJ\xfc\xff\xff\xff\x86q\x03e\x87q\x04a.'
4,30000.0,b'\x80\x03]q\x00K\x00J\xfe\xff\xff\xff]q\x01(J\xff\xff\xff\xffK\x05\x86q\x02J\xfe\xff\xff\xffJ\xfc\xff\xff\xff\x86q\x03e\x87q\x04a.',30000.0,b'\x80\x03]q\x00K\x00J\xfd\xff\xff\xff]q\x01(J\xff\xff\xff\xffK\x04\x86q\x02J\xfe\xff\xff\xffJ\xfc\xff\xff\xff\x86q\x03e\x87q\x04a.'
4,30000.0,b'\x80\x03]q\x00K\x00J\xfd\xff\xff\xff]q\x01(J\xff\xff\xff\xffK\x04\x86q\x02J\xfe\xff\xff\xffJ\xfc\xff\xff\xff\x86q\x03e\x87q\x04a.',20057.0,b'\x80\x03]q\x00K\x00J\xfc\xff\xff\xff]q\x01(J\xff\xff\xff\xffJ\xff\xff\xff\xff\x86q\x02J\xfe\xff\xff\xffK\x07\x86q\x03e\x87q\x04a.'
4,20057.0,b'\x80\x03]q\x00K\x00J\xfc\xff\xff\xff]q\x01(J\xff\xff\xff\xffJ\xff\xff\xff\xff\x86q\x02J\xfe\xff\xff\xffK\x07\x86q\x03e\x87q\x04a.',29949.0,b'\x80\x03]q\x00K\x00J\xfb\xff\xff\xff]q\x01(J\xff\xff\xff\xffJ\xfe\xff\xff\xff\x86q\x02J\xfe\xff\xff\xffK\x06\x86q\x03e\x87q\x04a.'
4,29949.0,b'\x80\x03]q\x00K\x00J\xfb\xff\xff\xff]q\x01(J\xff\xff\xff\xffJ\xfe\xff\xff\xff\x86q\x02J\xfe\xff\xff\xffK\x06\x86q\x03e\x87q\x04a.',29949.0,b'\x80\x03]q\x00K\x00J\xfb\xff\xff\xff]q\x01(J\xff\xff\xff\xffJ\xfe\xff\xff\xff\x86q\x02J\xfe\xff\xff\xffK\x06\x86q\x03e\x87q\x04a.'
4,29949.0,b'\x80\x03]q\x00K\x00J\xfb\xff\xff\xff]q\x01(J\xff\xff\xff\xffJ\xfe\xff\xff\xff\x86q\x02J\xfe\xff\xff\xffK\x06\x86q\x03e\x87q\x04a.',30000.0,b'\x80\x03]q\x00K\x00J\xfc\xff\xff\xff]q\x01(J\xff\xff\xff\xffJ\xfe\xff\xff\xff\x86q\x02J\xfe\xff\xff\xffK\x06\x86q\x03e\x87q\x04a.'
4,30000.0,b'\x80\x03]q\x00K\x00J\xfc\xff\xff\xff]q\x01(J\xff\xff\xff\xffJ\xfe\xff\xff\xff\x86q\x02J\xfe\xff\xff\xffK\x06\x86q\x03e\x87q\x04a.',30000.0,b'\x80\x03]q\x00K\x00J\xfc\xff\xff\xff]q\x01(J\xff\xff\xff\xffJ\xfe\xff\xff\xff\x86q\x02J\xfe\xff\xff\xffK\x06\x86q\x03e\x87q\x04a.'
4,30000.0,b'\x80\x03]q\x00K\x00J\xfc\xff\xff\xff]q\x01(J\xff\xff\xff\xffJ\xfe\xff\xff\xff\x86q\x02J\xfe\xff\xff\xffK\x06\x86q\x03e\x87q\x04a.',30000.0,b'\x80\x03]q\x00K\x00J\xfc\xff\xff\xff]q\x01(J\xff\xff\xff\xffJ\xfe\xff\xff\xff\x86q\x02J\xfe\xff\xff\xffK\x06\x86q\x03e\x87q\x04a.'
4,30000.0,b'\x80\x03]q\x00K\x00J\xfc\xff\xff\xff]q\x01(J\xff\xff\xff\xffJ\xfe\xff\xff\xff\x86q\x02J\xfe\xff\xff\xffK\x06\x86q\x03e\x87q\x04a.',30000.0,b'\x80\x03]q\x00K\x00J\xfc\xff\xff\xff]q\x01(J\xff\xff\xff\xffJ\xfd\xff\xff\xff\x86q\x02J\xfe\xff\xff\xffK\x06\x86q\x03e\x87q\x04a.'
4,30000.0,b'\x80\x03]q\x00K\x00J\xfc\xff\xff\xff]q\x01(J\xff\xff\xff\xffJ\xfd\xff\xff\xff\x86q\x02J\xfe\xff\xff\xffK\x06\x86q\x03e\x87q\x04a.',30000.0,b'\x80\x03]q\x00K\x00J\xfc\xff\xff\xff]q\x01(J\xff\xff\xff\xffJ\xfd\xff\xff\xff\x86q\x02J\xfe\xff\xff\xffK\x06\x86q\x03e\x87q\x04a.'
4,30000.0,b'\x80\x03]q\x00K\x00J\xfc\xff\xff\xff]q\x01(J\xff\xff\xff\xffJ\xfd\xff\xff\xff\x86q\x02J\xfe\xff\xff\xffK\x06\x86q\x03e\x87q\x04a.',30000.0,b'\x80\x03]q\x00K\x00J\xfc\xff\xff\xff]q\x01(J\xff\xff\xff\xffJ\xfd\xff\xff\xff\x86q\x02J\xfe\xff\xff\xffK\x06\x86q\x03e\x87q\x04a.'
4,30000.0,b'\x80\x03]q\x00K\x00J\xfc\xff\xff\xff]q\x01(J\xff\xff\xff\xffJ\xfd\xff\xff\xff\x86q\x02J\xfe\xff\xff\xffK\x06\x86q\x03e\x87q\x04a.',30000.0,b'\x80\x03]q\x00K\x00J\xfc\xff\xff\xff]q\x01(J\xff\xff\xff\xffJ\xfd\xff\xff\xff\x86q\x02J\xfe\xff\xff\xffK\x06\x86q\x03e\x87q\x04a.'
4,30000.0,b'\x80\x03]q\x00K\x00J\xfc\xff\xff\xff]q\x01(J\xff\xff\xff\xffJ\xfd\xff\xff\xff\x86q\x02J\xfe\xff\xff\xffK\x06\x86q\x03e\x87q\x04a.',30000.0,b'\x80\x03]q\x00K\x00J\xfc\xff\xff\xff]q\x01(J\xff\xff\xff\xffJ\xfc\xff\xff\xff\x86q\x02J\xfe\xff\xff\xffK\x05\x86q\x03e\x87q\x04a.'
4,30000.0,b'\x80\x03]q\x00K\x00J\xfc\xff\xff\xff]q\x01(J\xff\xff\xff\xffJ\xfc\xff\xff\xff\x86q\x02J\xfe\xff\xff\xffK\x05\x86q\x03e\x87q\x04a.',30000.0,b'\x80\x03]q\x00K\x00J\xfc\xff\xff\xff]q\x01(J\xff\xff\xff\xffJ\xfc\xff\xff\xff\x86q\x02J\xfe\xff\xff\xffK\x05\x86q\x03e\x87q\x04a.'
4,30000.0,b'\x80\x03]q\x00K\x00J\xfc\xff\xff\xff]q\x01(J\xff\xff\xff\xffJ\xfc\xff\xff\xff\x86q\x02J\xfe\xff\xff\xffK\x05\x86q\x03e\x87q\x04a.',30000.0,b'\x80\x03]q\x00K\x00J\xfc\xff\xff\xff]q\x01(J\xff\xff\xff\xffJ\xfc\xff\xff\xff\x86q\x02J\xfe\xff\xff\xffK\x06\x86q\x03e\x87q\x04a.'
4,30000.0,b'\x80\x03]q\x00K\x00J\xfc\xff\xff\xff]q\x01(J\xff\xff\xff\xffJ\xfc\xff\xff\xff\x86q\x02J\xfe\xff\xff\xffK\x06\x86q\x03e\x87q\x04a.',30000.0,b'\x80\x03]q\x00K\x00J\xfc\xff\xff\xff]q\x01(J\xff\xff\xff\xffJ\xfc\xff\xff\xff\x86q\x02J\xfe\xff\xff\xffK\x06\x86q\x03e\x87q\x04a.'
4,30000.0,b'\x80\x03]q\x00K\x00J\xfc\xff\xff\xff]q\x01(J\xff\xff\xff\xffJ\xfc\xff\xff\xff\x86q\x02J\xfe\xff\xff\xffK\x06\x86q\x03e\x87q\x04a.',30000.0,b'\x80\x03]q\x00K\x00J\xfc\xff\xff\xff]q\x01(J\xff\xff\xff\xffK\x07\x86q\x02J\xfe\xff\xff\xffJ\xf8\xff\xff\xff\x86q\x03e\x87q\x04a.'
4,30000.0,b'\x80\x03]q\x00K\x00J\xfc\xff\xff\xff]q\x01(J\xff\xff\xff\xffK\x07\x86q\x02J\xfe\xff\xff\xffJ\xf8\xff\xff\xff\x86q\x03e\x87q\x04a.',30000.0,b'\x80\x03]q\x00(M\xc5\x04J\xff\xff\xff\xff]q\x01J\xff\xff\xff\xffK\x02\x86q\x02a\x87q\x03K\x00J\xfc\xff\xff\xff]q\x04(J\xfe\xff\xff\xffK\x08\x86q\x05M\xc5\x04K\x07\x86q\x06e\x87q\x07e.'
4,30000.0,b'\x80\x03]q\x00(M\xc5\x04J\xff\xff\xff\xff]q\x01J\xff\xff\xff\xffK\x02\x86q\x02a\x87q\x03K\x00J\xfc\xff\xff\xff]q\x04(J\xfe\xff\xff\xffK\x08\x86q\x05M\xc5\x04K\x07\x86q\x06e\x87q\x07e.',30000.0,b'\x80\x03]q\x00(M\xc5\x04J\xff\xff\xff\xff]q\x01J\xff\xff\xff\xffK\x02\x86q\x02a\x87q\x03K\x00J\xfc\xff\xff\xff]q\x04(J\xfe\xff\xff\xffK\x08\x86q\x05M\xc5\x04K\x07\x86q\x06e\x87q\x07e.'
4,30000.0,b'\x80\x03]q\x00(M\xc5\x04J\xff\xff\xff\xff]q\x01J\xff\xff\xff\xffK\x02\x86q\x02a\x87q\x03K\x00J\xfc\xff\xff\xff]q\x04(J\xfe\xff\xff\xffK\x08\x86q\x05M\xc5\x04K\x07\x86q\x06e\x87q\x07e.',30000.0,b'\x80\x03]q\x00(M\xc5\x04J\xff\xff\xff\xff]q\x01J\xff\xff\xff\xffK\x02\x86q\x02a\x87q\x03K\x00J\xfd\xff\xff\xff]q\x04(J\xfe\xff\xff\xffK\x08\x86q\x05M\xc5\x04K\x07\x86q\x06e\x87q\x07e.'
4,30000.0,b'\x80\x03]q\x00(M\xc5\x04J\xff\xff\xff\xff]q\x01J\xff\xff\xff\xffK\x02\x86q\x02a\x87q\x03K\x00J\xfd\xff\xff\xff]q\x04(J\xfe\xff\xff\xffK\x08\x86q\x05M\xc5\x04K\x07\x86q\x06e\x87q\x07e.',30000.0,b'\x80\x03]q\x00(M\xc5\x04J\xfe\xff\xff\xff]q\x01J\xff\xff\xff\xffK\x02\x86q\x02a\x87q\x03K\x00J\xfd\xff\xff\xff]q\x04(J\xfe\xff\xff\xffK\x08\x86q\x05M\xc5\x04K\x08\x86q\x06e\x87q\x07e.'
4,30000.0,b'\x80\x03]q\x00(M\xc5\x04J\xfe\xff\xff\xff]q\x01J\xff\xff\xff\xffK\x02\x86q\x02a\x87q\x03K\x00J\xfd\xff\xff\xff]q\x04(J\xfe\xff\xff\xffK\x08\x86q\x05M\xc5\x04K\x08\x86q\x06e\x87q\x07e.',39993.0,b'\x80\x03]q\x00(M;\x01J\xff\xff\xff\xff]q\x01(J\xff\xff\xff\xffK\x01\x86q\x02J\xfe\xff\xff\xffJ\xfd\xff\xff\xff\x86q\x03e\x87q\x04K\x00J\xff\xff\xff\xff]q\x05(M;\x01K\x06\x86q\x06J\xff\xff\xff\xffJ\xfd\xff\xff\xff\x86q\x07J\xfe\xff\xff\xffK\x02\x86q\x08e\x87q\te.'
4,39993.0,b'\x80\x03]q\x00(M;\x01J\xff\xff\xff\xff]q\x01(J\xff\xff\xff\xffK\x01\x86q\x02J\xfe\xff\xff\xffJ\xfd\xff\xff\xff\x86q\x03e\x87q\x04K\x00J\xff\xff\xff\xff]q\x05(M;\x01K\x06\x86q\x06J\xff\xff\xff\xffJ\xfd\xff\xff\xff\x86q\x07J\xfe\xff\xff\xffK\x02\x86q\x08e\x87q\te.',39982.0,b'\x80\x03]q\x00(M;\x01J\xfe\xff\xff\xff]q\x01(J\xff\xff\xff\xffK\x02\x86q\x02J\xfe\xff\xff\xffJ\xfd\xff\xff\xff\x86q\x03e\x87q\x04K\x00J\xff\xff\xff\xff]q\x05(M;\x01K\x05\x86q\x06J\xff\xff\xff\xffJ\xfe\xff\xff\xff\x86q\x07J\xfe\xff\xff\xffK\x02\x86q\x08e\x87q\te.'
5,19101.0,b'\x80\x03]q\x00K\x00J\xff\xff\xff\xff]q\x01(J\xff\xff\xff\xffK\x01\x86q\x02J\xfe\xff\xff\xffK\x01\x86q\x03e\x87q\x04a.',29907.0,b'\x80\x03]q\x00K\x00J\xff\xff\xff\xff]q\x01(J\xff\xff\xff\xffK\x01\x86q\x02J\xfe\xff\xff\xffK\x02\x86q\x03e\x87q\x04a.'
5,29907.0,b'\x80\x03]q\x00K\x00J\xff\xff\xff\xff]q\x01(J\xff\xff\xff\xffK\x01\x86q\x02J\xfe\xff\xff\xffK\x02\x86q\x03e\x87q\x04a.',29987.0,b'\x80\x03]q\x00K\x00J\xff\xff\xff\xff]q\x01(J\xff\xff\xff\xffK\x02\x86q\x02J\xfe\xff\xff\xffK\x02\x86q\x03e\x87q\x04a.'
5,29987.0,b'\x80\x03]q\x00K\x00J\xff\xff\xff\xff]q\x01(J\xff\xff\xff\xffK\x02\x86q\x02J\xfe\xff\xff\xffK\x02\x86q\x03e\x87q\x04a.',31151.0,b'\x80\x03]q\x00(K\x1eJ\xff\xff\xff\xff]q\x01(J\xfe\xff\xff\xffK\x01\x86q\x02J\xff\xff\xff\xffK\x02\x86q\x03e\x87q\x04K\x00K\x00]q\x05(J\xff\xff\xff\xffK\x00\x86q\x06K\x1eK\x01\x86q\x07e\x87q\x08e.'
5,31151.0,b'\x80\x03]q\x00(K\x1eJ\xff\xff\xff\xff]q\x01(J\xfe\xff\xff\xffK\x01\x86q\x02J\xff\xff\xff\xffK\x02\x86q\x03e\x87q\x04K\x00K\x00]q\x05(J\xff\xff\xff\xffK\x00\x86q\x06K\x1eK\x01\x86q\x07e\x87q\x08e.',29179.0,b'\x80\x03]q\x00(K2K\x01]q\x01J\xff\xff\xff\xffK\x02\x86q\x02a\x87q\x03KEK\x01]q\x04K2K\x02\x86q\x05a\x87q\x06K\x00K\x00]q\x07KEK\x00\x86q\x08a\x87q\te.'
5,29179.0,b'\x80\x03]q\x00(K2K\x01]q\x01J\xff\xff\xff\xffK\x02\x86q\x02a\x87q\x03KEK\x01]q\x04K2K\x02\x86q\x05a\x87q\x06K\x00K\x00]q\x07KEK\x00\x86q\x08a\x87q\te.',29765.0,b'\x80\x03]q\x00K\x00K\x00]q\x01J\xff\xff\xff\xffK\x00\x86q\x02a\x87q\x03a.'
5,29765.0,b'\x80\x03]q\x00K\x00K\x00]q\x01J\xff\xff\xff\xffK\x00\x86q\x02a\x87q\x03a.',29997.0,b'\x80\x03]q\x00(K|K\x01]q\x01J\xff\xff\xff\xffK\x02\x86q\x02a\x87q\x03K2J\xff\xff\xff\xff]q\x04K|K\x01\x86q\x05a\x87q\x06KKK\x00]q\x07K2K\x00\x86q\x08a\x87q\tK\x00K\x00]q\nKKK\x00\x86q\x0ba\x87q\x0ce.'
5,29997.0,b'\x80\x03]q\x00(K|K\x01]q\x01J\xff\xff\xff\xffK\x02\x86q\x02a\x87q\x03K2J\xff\xff\xff\xff]q\x04K|K\x01\x86q\x05a\x87q\x06KKK\x00]q\x07K2K\x00\x86q\x08a\x87q\tK\x00K\x00]q\nKKK\x00\x86q\x0ba\x87q\x0ce.',29997.0,b'\x80\x03]q\x00(K|K\x01]q\x01J\xff\xff\xff\xffK\x02\x86q\x02a\x87q\x03K2J\xff\xff\xff\xff]q\x04K|K\x01\x86q\x05a\x87q\x06KKK\x00]q\x07K2K\x00\x86q\x08a\x87q\tK\x00K\x00]q\nKKK\x00\x86q\x0ba\x87q\x0ce.'
5,29997.0,b'\x80\x03]q\x00(K|K\x01]q\x01J\xff\xff\xff\xffK\x02\x86q\x02a\x87q\x03K2J\xff\xff\xff\xff]q\x04K|K\x01\x86q\x05a\x87q\x06KKK\x00]q\x07K2K\x00\x86q\x08a\x87q\tK\x00K\x00]q\nKKK\x00\x86q\x0ba\x87q\x0ce.',30000.0,b'\x80\x03]q\x00(K|K\x01]q\x01J\xff\xff\xff\xffK\x02\x86q\x02a\x87q\x03K2J\xfe\xff\xff\xff]q\x04K|K\x01\x86q\x05a\x87q\x06KKJ\xff\xff\xff\xff]q\x07K2K\x00\x86q\x08a\x87q\tK\x00K\x00]q\nKKJ\xff\xff\xff\xff\x86q\x0ba\x87q\x0ce.'
5,30000.0,b'\x80\x03]q\x00(K|K\x01]q\x01J\xff\xff\xff\xffK\x02\x86q\x02a\x87q\x03K2J\xfe\xff\xff\xff]q\x04K|K\x01\x86q\x05a\x87q\x06KKJ\xff\xff\xff\xff]q\x07K2K\x00\x86q\x08a\x87q\tK\x00K\x00]q\nKKJ\xff\xff\xff\xff\x86q\x0ba\x87q\x0ce.',30000.0,b'\x80\x03]q\x00(K|K\x01]q\x01J\xff\xff\xff\xffK\x02\x86q\x02a\x87q\x03K2J\xfe\xff\xff\xff]q\x04K|K\x01\x86q\x05a\x87q\x06KKJ\xff\xff\xff\xff]q\x07K2K\x00\x86q\x08a\x87q\tK\x00K\x00]q\nKKJ\xff\xff\xff\xff\x86q\x0ba\x87q\x0ce.'
5,30000.0,b'\x80\x03]q\x00(K|K\x01]q\x01J\xff\xff\xff\xffK\x02\x86q\x02a\x87q\x03K2J\xfe\xff\xff\xff]q\x04K|K\x01\x86q\x05a\x87q\x06KKJ\xff\xff\xff\xff]q\x07K2K\x00\x86q\x08a\x87q\tK\x00K\x00]q\nKKJ\xff\xff\xff\xff\x86q\x0ba\x87q\x0ce.',30000.0,b'\x80\x03]q\x00(K|K\x01]q\x01J\xff\xff\xff\xffK\x02\x86q\x02a\x87q\x03K2J\xfe\xff\xff\xff]q\x04K|K\x01\x86q\x05a\x87q\x06KKJ\xff\xff\xff\xff]q\x07K2K\x00\x86q\x08a\x87q\tK\x00K\x00]q\nKKJ\xff\xff\xff\xff\x86q\x0ba\x87q\x0ce.'
5,30000.0,b'\x80\x03]q\x00(K|K\x01]q\x01J\xff\xff\xff\xffK\x02\x86q\x02a\x87q\x03K2J\xfe\xff\xff\xff]q\x04K|K\x01\x86q\x05a\x87q\x06KKJ\xff\xff\xff\xff]q\x07K2K\x00\x86q\x08a\x87q\tK\x00K\x00]q\nKKJ\xff\xff\xff\xff\x86q\x0ba\x87q\x0ce.',30000.0,b'\x80\x03]q\x00(K|K\x01]q\x01J\xff\xff\xff\xffK\x02\x86q\x02a\x87q\x03K2J\xfe\xff\xff\xff]q\x04K|K\x01\x86q\x05a\x87q\x06KKJ\xff\xff\xff\xff]q\x07K2K\x00\x86q\x08a\x87q\tK\x00K\x00]q\nKKJ\xff\xff\xff\xff\x86q\x0ba\x87q\x0ce.'
5,30000.0,b'\x80\x03]q\x00(K|K\x01]q\x01J\xff\xff\xff\xffK\x02\x86q\x02a\x87q\x03K2J\xfe\xff\xff\xff]q\x04K|K\x01\x86q\x05a\x87q\x06KKJ\xff\xff\xff\xff]q\x07K2K\x00\x86q\x08a\x87q\tK\x00K\x00]q\nKKJ\xff\xff\xff\xff\x86q\x0ba\x87q\x0ce.',30000.0,b'\x80\x03]q\x00(K|K\x01]q\x01J\xff\xff\xff\xffK\x02\x86q\x02a\x87q\x03K2J\xfe\xff\xff\xff]q\x04K|K\x01\x86q\x05a\x87q\x06KKJ\xff\xff\xff\xff]q\x07K2K\x00\x86q\x08a\x87q\tK\x00K\x00]q\nKKJ\xff\xff\xff\xff\x86q\x0ba\x87q\x0ce.'
5,30000.0,b'\x80\x03]q\x00(K|K\x01]q\x01J\xff\xff\xff\xffK\x02\x86q\x02a\x87q\x03K2J\xfe\xff\xff\xff]q\x04K|K\x01\x86q\x05a\x87q\x06KKJ\xff\xff\xff\xff]q\x07K2K\x00\x86q\x08a\x87q\tK\x00K\x00]q\nKKJ\xff\xff\xff\xff\x86q\x0ba\x87q\x0ce.',30000.0,b'\x80\x03]q\x00(K|K\x01]q\x01J\xff\xff\xff\xffK\x02\x86q\x02a\x87q\x03K2J\xfe\xff\xff\xff]q\x04K|K\x01\x86q\x05a\x87q\x06KKJ\xff\xff\xff\xff]q\x07K2K\x00\x86q\x08a\x87q\tK\x00K\x00]q\nKKJ\xff\xff\xff\xff\x86q\x0ba\x87q\x0ce.'
5,30000.0,b'\x80\x03]q\x00(K|K\x01]q\x01J\xff\xff\xff\xffK\x02\x86q\x02a\x87q\x03K2J\xfe\xff\xff\xff]q\x04K|K\x01\x86q\x05a\x87q\x06KKJ\xff\xff\xff\xff]q\x07K2K\x00\x86q\x08a\x87q\tK\x00K\x00]q\nKKJ\xff\xff\xff\xff\x86q\x0ba\x87q\x0ce.',30000.0,b'\x80\x03]q\x00(K|K\x01]q\x01J\xff\xff\xff\xffK\x02\x86q\x02a\x87q\x03K2J\xfe\xff\xff\xff]q\x04K|K\x01\x86q\x05a\x87q\x06KKJ\xff\xff\xff\xff]q\x07K2K\x00\x86q\x08a\x87q\tK\x00K\x00]q\nKKJ\xff\xff\xff\xff\x86q\x0ba\x87q\x0ce.'
5,30000.0,b'\x80\x03]q\x00(K|K\x01]q\x01J\xff\xff\xff\xffK\x02\x86q\x02a\x87q\x03K2J\xfe\xff\xff\xff]q\x04K|K\x01\x86q\x05a\x87q\x06KKJ\xff\xff\xff\xff]q\x07K2K\x00\x86q\x08a\x87q\tK\x00K\x00]q\nKKJ\xff\xff\xff\xff\x86q\x0ba\x87q\x0ce.',30000.0,b'\x80\x03]q\x00(K|K\x01]q\x01J\xff\xff\xff\xffK\x02\x86q\x02a\x87q\x03K2J\xfe\xff\xff\xff]q\x04K|K\x01\x86q\x05a\x87q\x06KKJ\xff\xff\xff\xff]q\x07K2K\x00\x86q\x08a\x87q\tK\x00K\x00]q\nKKJ\xff\xff\xff\xff\x86q\x0ba\x87q\x0ce.'
5,30000.0,b'\x80\x03]q\x00(K|K\x01]q\x01J\xff\xff\xff\xffK\x02\x86q\x02a\x87q\x03K2J\xfe\xff\xff\xff]q\x04K|K\x01\x86q\x05a\x87q\x06KKJ\xff\xff\xff\xff]q\x07K2K\x00\x86q\x08a\x87q\tK\x00K\x00]q\nKKJ\xff\xff\xff\xff\x86q\x0ba\x87q\x0ce.',30000.0,b'\x80\x03]q\x00(K|K\x01]q\x01J\xff\xff\xff\xffK\x02\x86q\x02a\x87q\x03K2J\xfe\xff\xff\xff]q\x04K|K\x01\x86q\x05a\x87q\x06KKJ\xff\xff\xff\xff]q\x07K2K\x00\x86q\x08a\x87q\tK\x00K\x00]q\nKKJ\xff\xff\xff\xff\x86q\x0ba\x87q\x0ce.'
5,30000.0,b'\x80\x03]q\x00(K|K\x01]q\x01J\xff\xff\xff\xffK\x02\x86q\x02a\x87q\x03K2J\xfe\xff\xff\xff]q\x04K|K\x01\x86q\x05a\x87q\x06KKJ\xff\xff\xff\xff]q\x07K2K\x00\x86q\x08a\x87q\tK\x00K\x00]q\nKKJ\xff\xff\xff\xff\x86q\x0ba\x87q\x0ce.',30000.0,b'\x80\x03]q\x00(K|K\x01]q\x01J\xff\xff\xff\xffK\x02\x86q\x02a\x87q\x03K2J\xfe\xff\xff\xff]q\x04K|K\x01\x86q\x05a\x87q\x06KKJ\xff\xff\xff\xff]q\x07K2K\x00\x86q\x08a\x87q\tK\x00K\x00]q\nKKJ\xff\xff\xff\xff\x86q\x0ba\x87q\x0ce.'
5,30000.0,b'\x80\x03]q\x00(K|K\x01]q\x01J\xff\xff\xff\xffK\x02\x86q\x02a\x87q\x03K2J\xfe\xff\xff\xff]q\x04K|K\x01\x86q\x05a\x87q\x06KKJ\xff\xff\xff\xff]q\x07K2K\x00\x86q\x08a\x87q\tK\x00K\x00]q\nKKJ\xff\xff\xff\xff\x86q\x0ba\x87q\x0ce.',30000.0,b'\x80\x03]q\x00(K|K\x01]q\x01J\xff\xff\xff\xffK\x02\x86q\x02a\x87q\x03K2J\xfe\xff\xff\xff]q\x04K|K\x01\x86q\x05a\x87q\x06KKJ\xff\xff\xff\xff]q\x07K2K\x00\x86q\x08a\x87q\tK\x00K\x00]q\nKKJ\xff\xff\xff\xff\x86q\x0ba\x87q\x0ce.'
5,30000.0,b'\x80\x03]q\x00(K|K\x01]q\x01J\xff\xff\xff\xffK\x02\x86q\x02a\x87q\x03K2J\xfe\xff\xff\xff]q\x04K|K\x01\x86q\x05a\x87q\x06KKJ\xff\xff\xff\xff]q\x07K2K\x00\x86q\x08a\x87q\tK\x00K\x00]q\nKKJ\xff\xff\xff\xff\x86q\x0ba\x87q\x0ce.',30000.0,b'\x80\x03]q\x00(K|K\x01]q\x01J\xff\xff\xff\xffK\x02\x86q\x02a\x87q\x03K2J\xfe\xff\xff\xff]q\x04K|K\x01\x86q\x05a\x87q\x06KKJ\xff\xff\xff\xff]q\x07K2K\x00\x86q\x08a\x87q\tK\x00K\x00]q\nKKJ\xff\xff\xff\xff\x86q\x0ba\x87q\x0ce.'
5,30000.0,b'\x80\x03]q\x00(K|K\x01]q\x01J\xff\xff\xff\xffK\x02\x86q\x02a\x87q\x03K2J\xfe\xff\xff\xff]q\x04K|K\x01\x86q\x05a\x87q\x06KKJ\xff\xff\xff\xff]q\x07K2K\x00\x86q\x08a\x87q\tK\x00K\x00]q\nKKJ\xff\xff\xff\xff\x86q\x0ba\x87q\x0ce.',30000.0,b'\x80\x03]q\x00(K|K\x01]q\x01J\xff\xff\xff\xffK\x02\x86q\x02a\x87q\x03K2J\xfe\xff\xff\xff]q\x04K|K\x01\x86q\x05a\x87q\x06KKJ\xff\xff\xff\xff]q\x07K2K\x00\x86q\x08a\x87q\tK\x00K\x00]q\nKKJ\xff\xff\xff\xff\x86q\x0ba\x87q\x0ce.'
5,30000.0,b'\x80\x03]q\x00(K|K\x01]q\x01J\xff\xff\xff\xffK\x02\x86q\x02a\x87q\x03K2J\xfe\xff\xff\xff]q\x04K|K\x01\x86q\x05a\x87q\x06KKJ\xff\xff\xff\xff]q\x07K2K\x00\x86q\x08a\x87q\tK\x00K\x00]q\nKKJ\xff\xff\xff\xff\x86q\x0ba\x87q\x0ce.',30000.0,b'\x80\x03]q\x00(K|K\x01]q\x01J\xff\xff\xff\xffK\x02\x86q\x02a\x87q\x03K2J\xfe\xff\xff\xff]q\x04K|K\x01\x86q\x05a\x87q\x06KKJ\xff\xff\xff\xff]q\x07K2K\x00\x86q\x08a\x87q\tK\x00K\x00]q\nKKJ\xff\xff\xff\xff\x86q\x0ba\x87q\x0ce.'
5,30000.0,b'\x80\x03]q\x00(K|K\x01]q\x01J\xff\xff\xff\xffK\x02\x86q\x02a\x87q\x03K2J\xfe\xff\xff\xff]q\x04K|K\x01\x86q\x05a\x87q\x06KKJ\xff\xff\xff\xff]q\x07K2K\x00\x86q\x08a\x87q\tK\x00K\x00]q\nKKJ\xff\xff\xff\xff\x86q\x0ba\x87q\x0ce.',30000.0,b'\x80\x03]q\x00(K|K\x01]q\x01J\xff\xff\xff\xffK\x02\x86q\x02a\x87q\x03K2J\xfe\xff\xff\xff]q\x04K|K\x01\x86q\x05a\x87q\x06KKJ\xff\xff\xff\xff]q\x07K2K\x00\x86q\x08a\x87q\tK\x00K\x00]q\nKKJ\xff\xff\xff\xff\x86q\x0ba\x87q\x0ce.'
5,30000.0,b'\x80\x03]q\x00(K|K\x01]q\x01J\xff\xff\xff\xffK\x02\x86q\x02a\x87q\x03K2J\xfe\xff\xff\xff]q\x04K|K\x01\x86q\x05a\x87q\x06KKJ\xff\xff\xff\xff]q\x07K2K\x00\x86q\x08a\x87q\tK\x00K\x00]q\nKKJ\xff\xff\xff\xff\x86q\x0ba\x87q\x0ce.',30000.0,b'\x80\x03]q\x00(K|K\x01]q\x01J\xff\xff\xff\xffK\x02\x86q\x02a\x87q\x03K2J\xfe\xff\xff\xff]q\x04K|K\x01\x86q\x05a\x87q\x06KKJ\xff\xff\xff\xff]q\x07K2K\x00\x86q\x08a\x87q\tK\x00K\x00]q\nKKJ\xff\xff\xff\xff\x86q\x0ba\x87q\x0ce.'
5,30000.0,b'\x80\x03]q\x00(K|K\x01]q\x01J\xff\xff\xff\xffK\x02\x86q\x02a\x87q\x03K2J\xfe\xff\xff\xff]q\x04K|K\x01\x86q\x05a\x87q\x06KKJ\xff\xff\xff\xff]q\x07K2K\x00\x86q\x08a\x87q\tK\x00K\x00]q\nKKJ\xff\xff\xff\xff\x86q\x0ba\x87q\x0ce.',30000.0,b'\x80\x03]q\x00(K|K\x01]q\x01J\xff\xff\xff\xffK\x02\x86q\x02a\x87q\x03K2J\xfe\xff\xff\xff]q\x04K|K\x01\x86q\x05a\x87q\x06KKJ\xff\xff\xff\xff]q\x07K2K\x00\x86q\x08a\x87q\tK\x00K\x00]q\nKKJ\xff\xff\xff\xff\x86q\x0ba\x87q\x0ce.'
5,30000.0,b'\x80\x03]q\x00(K|K\x01]q\x01J\xff\xff\xff\xffK\x02\x86q\x02a\x87q\x03K2J\xfe\xff\xff\xff]q\x04K|K\x01\x86q\x05a\x87q\x06KKJ\xff\xff\xff\xff]q\x07K2K\x00\x86q\x08a\x87q\tK\x00K\x00]q\nKKJ\xff\xff\xff\xff\x86q\x0ba\x87q\x0ce.',30000.0,b'\x80\x03]q\x00(K|K\x01]q\x01J\xff\xff\xff\xffK\x02\x86q\x02a\x87q\x03K2J\xfe\xff\xff\xff]q\x04K|K\x01\x86q\x05a\x87q\x06KKJ\xff\xff\xff\xff]q\x07K2K\x00\x86q\x08a\x87q\tK\x00K\x00]q\nKKJ\xff\xff\xff\xff\x86q\x0ba\x87q\x0ce.'
5,30000.0,b'\x80\x03]q\x00(K|K\x01]q\x01J\xff\xff\xff\xffK\x02\x86q\x02a\x87q\x03K2J\xfe\xff\xff\xff]q\x04K|K\x01\x86q\x05a\x87q\x06KKJ\xff\xff\xff\xff]q\x07K2K\x00\x86q\x08a\x87q\tK\x00K\x00]q\nKKJ\xff\xff\xff\xff\x86q\x0ba\x87q\x0ce.',30000.0,b'\x80\x03]q\x00(K|K\x04]q\x01J\xff\xff\xff\xffJ\xff\xff\xff\xff\x86q\x02a\x87q\x03K2J\xfc\xff\xff\xff]q\x04(K|K\x02\x86q\x05J\xfe\xff\xff\xffK\x00\x86q\x06e\x87q\x07K\x00K\x00]q\x08K2K\x01\x86q\ta\x87q\ne.'
5,30000.0,b'\x80\x03]q\x00(K|K\x04]q\x01J\xff\xff\xff\xffJ\xff\xff\xff\xff\x86q\x02a\x87q\x03K2J\xfc\xff\xff\xff]q\x04(K|K\x02\x86q\x05J\xfe\xff\xff\xffK\x00\x86q\x06e\x87q\x07K\x00K\x00]q\x08K2K\x01\x86q\ta\x87q\ne.',30397.0,b'\x80\x03]q\x00(K|K\x00]q\x01(J\xff\xff\xff\xffK\x00\x86q\x02J\xfe\xff\xff\xffJ\xfe\xff\xff\xff\x86q\x03e\x87q\x04K2J\xfe\xff\xff\xff]q\x05K|K\x01\x86q\x06a\x87q\x07KKJ\xff\xff\xff\xff]q\x08(K2K\x01\x86q\tJ\xfe\xff\xff\xffJ\xfe\xff\xff\xff\x86q\nK|K\x01\x86q\x0be\x87q\x0cK\x00K\x00]q\rKKJ\xff\xff\xff\xff\x86q\x0ea\x87q\x0fe.'
5,30397.0,b'\x80\x03]q\x00(K|K\x00]q\x01(J\xff\xff\xff\xffK\x00\x86q\x02J\xfe\xff\xff\xffJ\xfe\xff\xff\xff\x86q\x03e\x87q\x04K2J\xfe\xff\xff\xff]q\x05K|K\x01\x86q\x06a\x87q\x07KKJ\xff\xff\xff\xff]q\x08(K2K\x01\x86q\tJ\xfe\xff\xff\xffJ\xfe\xff\xff\xff\x86q\nK|K\x01\x86q\x0be\x87q\x0cK\x00K\x00]q\rKKJ\xff\xff\xff\xff\x86q\x0ea\x87q\x0fe.',30397.0,b'\x80\x03]q\x00(K|K\x00]q\x01(J\xff\xff\xff\xffK\x00\x86q\x02J\xfe\xff\xff\xffJ\xfe\xff\xff\xff\x86q\x03e\x87q\x04K2J\xfe\xff\xff\xff]q\x05K|K\x01\x86q\x06a\x87q\x07KKJ\xff\xff\xff\xff]q\x08(K2K\x01\x86q\tJ\xfe\xff\xff\xffJ\xfe\xff\xff\xff\x86q\nK|K\x01\x86q\x0be\x87q\x0cK\x00K\x00]q\rKKJ\xff\xff\xff\xff\x86q\x0ea\x87q\x0fe.'
5,30397.0,b'\x80\x03]q\x00(K|K\x00]q\x01(J\xff\xff\xff\xffK\x00\x86q\x02J\xfe\xff\xff\xffJ\xfe\xff\xff\xff\x86q\x03e\x87q\x04K2J\xfe\xff\xff\xff]q\x05K|K\x01\x86q\x06a\x87q\x07KKJ\xff\xff\xff\xff]q\x08(K2K\x01\x86q\tJ\xfe\xff\xff\xffJ\xfe\xff\xff\xff\x86q\nK|K\x01\x86q\x0be\x87q\x0cK\x00K\x00]q\rKKJ\xff\xff\xff\xff\x86q\x0ea\x87q\x0fe.',30397.0,b'\x80\x03]q\x00(K|K\x00]q\x01(J\xff\xff\xff\xffK\x00\x86q\x02J\xfe\xff\xff\xffJ\xfe\xff\xff\xff\x86q\x03e\x87q\x04K2J\xfe\xff\xff\xff]q\x05K|K\x01\x86q\x06a\x87q\x07KKJ\xff\xff\xff\xff]q\x08(K2K\x01\x86q\tJ\xfe\xff\xff\xffJ\xfe\xff\xff\xff\x86q\nK|K\x01\x86q\x0be\x87q\x0cK\x00K\x00]q\rKKJ\xff\xff\xff\xff\x86q\x0ea\x87q\x0fe.'
5,30397.0,b'\x80\x03]q\x00(K|K\x00]q\x01(J\xff\xff\xff\xffK\x00\x86q\x02J\xfe\xff\xff\xffJ\xfe\xff\xff\xff\x86q\x03e\x87q\x04K2J\xfe\xff\xff\xff]q\x05K|K\x01\x86q\x06a\x87q\x07KKJ\xff\xff\xff\xff]q\x08(K2K\x01\x86q\tJ\xfe\xff\xff\xffJ\xfe\xff\xff\xff\x86q\nK|K\x01\x86q\x0be\x87q\x0cK\x00K\x00]q\rKKJ\xff\xff\xff\xff\x86q\x0ea\x87q\x0fe.',30397.0,b'\x80\x03]q\x00(K|K\x00]q\x01(J\xff\xff\xff\xffK\x00\x86q\x02J\xfe\xff\xff\xffJ\xfe\xff\xff\xff\x86q\x03e\x87q\x04K2J\xfe\xff\xff\xff]q\x05K|K\x01\x86q\x06a\x87q\x07KKJ\xff\xff\xff\xff]q\x08(K2K\x01\x86q\tJ\xfe\xff\xff\xffJ\xfe\xff\xff\xff\x86q\nK|K\x01\x86q\x0be\x87q\x0cK\x00K\x00]q\rKKJ\xff\xff\xff\xff\x86q\x0ea\x87q\x0fe.'
5,30397.0,b'\x80\x03]q\x00(K|K\x00]q\x01(J\xff\xff\xff\xffK\x00\x86q\x02J\xfe\xff\xff\xffJ\xfe\xff\xff\xff\x86q\x03e\x87q\x04K2J\xfe\xff\xff\xff]q\x05K|K\x01\x86q\x06a\x87q\x07KKJ\xff\xff\xff\xff]q\x08(K2K\x01\x86q\tJ\xfe\xff\xff\xffJ\xfe\xff\xff\xff\x86q\nK|K\x01\x86q\x0be\x87q\x0cK\x00K\x00]q\rKKJ\xff\xff\xff\xff\x86q\x0ea\x87q\x0fe.',30397.0,b'\x80\x03]q\x00(K|K\x00]q\x01(J\xff\xff\xff\xffK\x00\x86q\x02J\xfe\xff\xff\xffJ\xfe\xff\xff\xff\x86q\x03e\x87q\x04K2J\xfe\xff\xff\xff]q\x05K|K\x01\x86q\x06a\x87q\x07KKJ\xff\xff\xff\xff]q\x08(K2K\x01\x86q\tJ\xfe\xff\xff\xffJ\xfe\xff\xff\xff\x86q\nK|K\x01\x86q\x0be\x87q\x0cK\x00K\x00]q\rKKJ\xff\xff\xff\xff\x86q\x0ea\x87q\x0fe.'
5,30397.0,b'\x80\x03]q\x00(K|K\x00]q\x01(J\xff\xff\xff\xffK\x00\x86q\x02J\xfe\xff\xff\xffJ\xfe\xff\xff\xff\x86q\x03e\x87q\x04K2J\xfe\xff\xff\xff]q\x05K|K\x01\x86q\x06a\x87q\x07KKJ\xff\xff\xff\xff]q\x08(K2K\x01\x86q\tJ\xfe\xff\xff\xffJ\xfe\xff\xff\xff\x86q\nK|K\x01\x86q\x0be\x87q\x0cK\x00K\x00]q\rKKJ\xff\xff\xff\xff\x86q\x0ea\x87q\x0fe.',30397.0,b'\x80\x03]q\x00(K|K\x00]q\x01(J\xff\xff\xff\xffK\x00\x86q\x02J\xfe\xff\xff\xffJ\xfe\xff\xff\xff\x86q\x03e\x87q\x04K2J\xfe\xff\xff\xff]q\x05K|K\x01\x86q\x06a\x87q\x07KKJ\xff\xff\xff\xff]q\x08(K2K\x01\x86q\tJ\xfe\xff\xff\xffJ\xfe\xff\xff\xff\x86q\nK|K\x01\x86q\x0be\x87q\x0cK\x00K\x00]q\rKKJ\xff\xff\xff\xff\x86q\x0ea\x87q\x0fe.'
5,30397.0,b'\x80\x03]q\x00(K|K\x00]q\x01(J\xff\xff\xff\xffK\x00\x86q\x02J\xfe\xff\xff\xffJ\xfe\xff\xff\xff\x86q\x03e\x87q\x04K2J\xfe\xff\xff\xff]q\x05K|K\x01\x86q\x06a\x87q\x07KKJ\xff\xff\xff\xff]q\x08(K2K\x01\x86q\tJ\xfe\xff\xff\xffJ\xfe\xff\xff\xff\x86q\nK|K\x01\x86q\x0be\x87q\x0cK\x00K\x00]q\rKKJ\xff\xff\xff\xff\x86q\x0ea\x87q\x0fe.',30397.0,b'\x80\x03]q\x00(K|K\x00]q\x01(J\xff\xff\xff\xffK\x00\x86q\x02J\xfe\xff\xff\xffJ\xfe\xff\xff\xff\x86q\x03e\x87q\x04K2J\xfe\xff\xff\xff]q\x05K|K\x01\x86q\x06a\x87q\x07KKJ\xff\xff\xff\xff]q\x08(K2K\x01\x86q\tJ\xfe\xff\xff\xffJ\xfe\xff\xff\xff\x86q\nK|K\x01\x86q\x0be\x87q\x0cK\x00K\x00]q\rKKJ\xff\xff\xff\xff\x86q\x0ea\x87q\x0fe.'
5,30397.0,b'\x80\x03]q\x00(K|K\x00]q\x01(J\xff\xff\xff\xffK\x00\x86q\x02J\xfe\xff\xff\xffJ\xfe\xff\xff\xff\x86q\x03e\x87q\x04K2J\xfe\xff\xff\xff]q\x05K|K\x01\x86q\x06a\x87q\x07KKJ\xff\xff\xff\xff]q\x08(K2K\x01\x86q\tJ\xfe\xff\xff\xffJ\xfe\xff\xff\xff\x86q\nK|K\x01\x86q\x0be\x87q\x0cK\x00K\x00]q\rKKJ\xff\xff\xff\xff\x86q\x0ea\x87q\x0fe.',30939.0,b'\x80\x03]q\x00(K|K\x00]q\x01(J\xff\xff\xff\xffJ\xff\xff\xff\xff\x86q\x02J\xfe\xff\xff\xffJ\xfd\xff\xff\xff\x86q\x03e\x87q\x04K2J\xfe\xff\xff\xff]q\x05K|K\x00\x86q\x06a\x87q\x07KKK\x00]q\x08(K2K\x02\x86q\tJ\xfe\xff\xff\xffJ\xfe\xff\xff\xff\x86q\nK|K\x00\x86q\x0be\x87q\x0cK\x00K\x00]q\rKKJ\xfe\xff\xff\xff\x86q\x0ea\x87q\x0fe.'
5,30939.0,b'\x80\x03]q\x00(K|K\x00]q\x01(J\xff\xff\xff\xffJ\xff\xff\xff\xff\x86q\x02J\xfe\xff\xff\xffJ\xfd\xff\xff\xff\x86q\x03e\x87q\x04K2J\xfe\xff\xff\xff]q\x05K|K\x00\x86q\x06a\x87q\x07KKK\x00]q\x08(K2K\x02\x86q\tJ\xfe\xff\xff\xffJ\xfe\xff\xff\xff\x86q\nK|K\x00\x86q\x0be\x87q\x0cK\x00K\x00]q\rKKJ\xfe\xff\xff\xff\x86q\x0ea\x87q\x0fe.',30939.0,b'\x80\x03]q\x00(K|K\x00]q\x01(J\xff\xff\xff\xffJ\xff\xff\xff\xff\x86q\x02J\xfe\xff\xff\xffJ\xfd\xff\xff\xff\x86q\x03e\x87q\x04K2J\xfe\xff\xff\xff]q\x05K|K\x00\x86q\x06a\x87q\x07KKK\x00]q\x08(K2K\x02\x86q\tJ\xfe\xff\xff\xffJ\xfe\xff\xff\xff\x86q\nK|K\x00\x86q\x0be\x87q\x0cK\x00K\x00]q\rKKJ\xfe\xff\xff\xff\x86q\x0ea\x87q\x0fe.'
5,30939.0,b'\x80\x03]q\x00(K|K\x00]q\x01(J\xff\xff\xff\xffJ\xff\xff\xff\xff\x86q\x02J\xfe\xff\xff\xffJ\xfd\xff\xff\xff\x86q\x03e\x87q\x04K2J\xfe\xff\xff\xff]q\x05K|K\x00\x86q\x06a\x87q\x07KKK\x00]q\x08(K2K\x02\x86q\tJ\xfe\xff\xff\xffJ\xfe\xff\xff\xff\x86q\nK|K\x00\x86q\x0be\x87q\x0cK\x00K\x00]q\rKKJ\xfe\xff\xff\xff\x86q\x0ea\x87q\x0fe.',39819.0,b'\x80\x03]q\x00(K\x1eJ\xfd\xff\xff\xff]q\x01(J\xfe\xff\xff\xffJ\xff\xff\xff\xff\x86q\x02J\xff\xff\xff\xffK\x03\x86q\x03e\x87q\x04K\x00J\xff\xff\xff\xff]q\x05(K\x1eK\x04\x86q\x06J\xfe\xff\xff\xffK\x03\x86q\x07J\xff\xff\xff\xffJ\xfe\xff\xff\xff\x86q\x08e\x87q\te.'
